{"stats":{"minecraft:killed":{"minecraft:skeleton":1,"minecraft:zombie":1,"minecraft:creeper":1},"minecraft:used":{"minecraft:birch_door":3,"minecraft:polished_tuff":5,"minecraft:netherite_sword":1,"minecraft:end_rod":16,"minecraft:black_concrete":181,"daniel:statueblock":1,"minecraft:smooth_quartz_slab":16,"minecraft:light_weighted_pressure_plate":4,"minecraft:spruce_button":1,"minecraft:map":5,"minecraft:quartz_stairs":122,"daniel:window_block":118,"daniel:cityblock":603,"minecraft:torch":10,"minecraft:polished_tuff_stairs":10,"minecraft:dark_oak_trapdoor":14,"minecraft:diamond_block":5,"minecraft:red_bed":3,"minecraft:gold_block":4,"minecraft:white_concrete":912,"daniel:atm_block":10,"daniel:fireflybutton":4},"minecraft:custom":{"minecraft:time_since_rest":2376,"minecraft:sprint_one_cm":1645,"minecraft:damage_taken":240,"minecraft:walk_one_cm":118007,"minecraft:mob_kills":3,"minecraft:drop":6,"minecraft:damage_dealt":476,"minecraft:fly_one_cm":429130,"minecraft:play_time":92805,"minecraft:deaths":1,"minecraft:jump":76,"minecraft:leave_game":2,"minecraft:time_since_death":9224,"minecraft:sleep_in_bed":2,"minecraft:total_world_time":92882},"minecraft:picked_up":{"daniel:cityblock":1,"minecraft:map":2,"daniel:fireflybutton":1,"minecraft:arrow":1,"minecraft:rotten_flesh":2,"minecraft:white_concrete":1},"minecraft:dropped":{"minecraft:white_concrete":1,"minecraft:map":2,"minecraft:arrow":1,"daniel:cityblock":1,"minecraft:filled_map":1}},"DataVersion":4189}