{
  "_fv": 79,
  "_type": "item",
  "definition": {
    "renderType": 0,
    "texture": "my_dollar_bill",
    "customModelName": "Ranged item",
    "guiTexture": "",
    "customProperties": {},
    "states": [],
    "name": "Doller Bill",
    "rarity": "EPIC",
    "creativeTabs": [
      {
        "value": "TOOLS"
      }
    ],
    "stackSize": 64,
    "enchantability": 9999,
    "useDuration": 0,
    "toolType": 9999.0,
    "damageCount": 0,
    "recipeRemainder": {
      "value": ""
    },
    "destroyAnyBlock": true,
    "immuneToFire": true,
    "stayInGridWhenCrafting": false,
    "damageOnCrafting": false,
    "enableMeleeDamage": true,
    "damageVsEntity": 9999.0,
    "specialInformation": {
      "fixedValue": []
    },
    "glowCondition": {
      "fixedValue": true
    },
    "inventorySize": 9,
    "inventoryStackSize": 99,
    "enableRanged": true,
    "shootConstantly": true,
    "rangedItemChargesPower": false,
    "projectile": {
      "value": "SpectralArrow"
    },
    "projectileDisableAmmoCheck": true,
    "isFood": false,
    "nutritionalValue": 4,
    "saturation": 0.3,
    "eatResultItem": {
      "value": ""
    },
    "isMeat": false,
    "isAlwaysEdible": false,
    "animation": "none",
    "isMusicDisc": false,
    "musicDiscMusic": {
      "value": ""
    },
    "musicDiscDescription": "",
    "musicDiscLengthInTicks": 100,
    "musicDiscAnalogOutput": 0,
    "providedBannerPatterns": []
  }
}