{
  "_fv": 60,
  "_type": "recipe",
  "definition": {
    "recipeType": "Crafting",
    "recipeRetstackSize": 64,
    "group": "",
    "cookingBookCategory": "MISC",
    "xpReward": 0.0,
    "cookingTime": 200,
    "craftingBookCategory": "MISC",
    "recipeShapeless": false,
    "recipeSlots": [
      {
        "value": "Blocks.NETHER_GOLD_ORE"
      },
      {
        "value": "Blocks.LOG#2"
      },
      {
        "value": "CUSTOM:Smile"
      },
      {
        "value": "Items.COOKED_CHICKEN"
      },
      {
        "value": "Items.RABBIT_FOOT"
      },
      {
        "value": "Items.COOKED_CHICKEN"
      },
      {
        "value": "Items.COOKED_FISH#0"
      },
      {
        "value": "Blocks.QUARTZ_ORE"
      },
      {
        "value": "Blocks.DEEPSLATE_REDSTONE_ORE"
      }
    ],
    "recipeReturnStack": {
      "value": "CUSTOM:ONEDOLLARBLOCK"
    },
    "name": "chicken",
    "namespace": "mod"
  }
}