{
  "type": "liam:darckplans",
  "generator": {
    "type": "minecraft:noise",
    "biome_source": {
      "type": "minecraft:multi_noise",
      "biomes": [
        {
          "biome": "deep_dark",
          "parameters": {
            "temperature": [
              -1,
              1
            ],
            "humidity": [
              -1,
              1
            ],
            "continentalness": [
              -1,
              1
            ],
            "erosion": [
              -1,
              -0.375
            ],
            "weirdness": [
              -1,
              1
            ],
            "depth": 1.1,
            "offset": 0
          }
        },
        {
          "biome": "ice_spikes",
          "parameters": {
            "temperature": [
              -1,
              -0.45
            ],
            "humidity": [
              -1,
              -0.35
            ],
            "continentalness": [
              0.03,
              1
            ],
            "erosion": [
              -1,
              -0.375
            ],
            "weirdness": [
              -0.05,
              0.05
            ],
            "depth": 0,
            "offset": 0
          }
        },
        {
          "biome": "deep_cold_ocean",
          "parameters": {
            "temperature": [
              -0.45,
              -0.15
            ],
            "humidity": [
              -1,
              1
            ],
            "continentalness": [
              -1.05,
              -0.455
            ],
            "erosion": [
              -1,
              1
            ],
            "weirdness": [
              -1,
              1
            ],
            "depth": 0,
            "offset": 0
          }
        },
        {
          "biome": "end_midlands",
          "parameters": {
            "temperature": 0,
            "humidity": 0,
            "continentalness": 0,
            "weirdness": 0,
            "erosion": 0,
            "depth": 0,
            "offset": 0
          }
        },
        {
          "biome": "liam:darkness",
          "parameters": {
            "temperature": [
              -0.5,
              0.5
            ],
            "humidity": [
              -0.5,
              0.5
            ],
            "continentalness": [
              0.3,
              1
            ],
            "weirdness": [
              -1,
              1
            ],
            "erosion": [
              -0.5,
              0.5
            ],
            "depth": 0,
            "offset": 0
          }
        },
        {
          "biome": "liam:slime",
          "parameters": {
            "temperature": [
              -0.5,
              0.5
            ],
            "humidity": [
              -0.5,
              0.5
            ],
            "continentalness": [
              0.3,
              1
            ],
            "weirdness": [
              -0.9955,
              1
            ],
            "erosion": [
              -0.5,
              0.5
            ],
            "depth": 0,
            "offset": 0
          }
        }
      ]
    },
    "settings": {
      "name": "liam:darckplans",
      "sea_level": 57,
      "legacy_random_source": true,
      "disable_mob_generation": false,
      "aquifers_enabled": false,
      "ore_veins_enabled": false,
      "default_block": {
        "Name": "minecraft:sculk"
      },
      "default_fluid": {
        "Name": "minecraft:water",
        "Properties": {
          "level": "0"
        }
      },
      "spawn_target": [],
      "noise": {
        "min_y": 0,
        "height": 128,
        "size_horizontal": 4,
        "size_vertical": 4
      },
      "noise_router": {
        "barrier": 0,
        "fluid_level_floodedness": 0,
        "fluid_level_spread": 0,
        "lava": 0,
        "temperature": {
          "type": "minecraft:shifted_noise",
          "noise": "minecraft:temperature",
          "xz_scale": 0.25,
          "y_scale": 0,
          "shift_x": "minecraft:shift_x",
          "shift_y": 0,
          "shift_z": "minecraft:shift_z"
        },
        "vegetation": {
          "type": "minecraft:shifted_noise",
          "noise": "minecraft:vegetation",
          "xz_scale": 0.25,
          "y_scale": 0,
          "shift_x": "minecraft:shift_x",
          "shift_y": 0,
          "shift_z": "minecraft:shift_z"
        },
        "continents": 0,
        "erosion": 0,
        "depth": 0,
        "ridges": 0,
        "initial_density_without_jaggedness": 0,
        "final_density": {
          "type": "minecraft:squeeze",
          "argument": {
            "type": "minecraft:mul",
            "argument1": 0.64,
            "argument2": {
              "type": "minecraft:interpolated",
              "argument": {
                "type": "minecraft:blend_density",
                "argument": {
                  "type": "minecraft:add",
                  "argument1": 2.5,
                  "argument2": {
                    "type": "minecraft:mul",
                    "argument1": {
                      "type": "minecraft:y_clamped_gradient",
                      "from_y": -8,
                      "to_y": 24,
                      "from_value": 0,
                      "to_value": 1
                    },
                    "argument2": {
                      "type": "minecraft:add",
                      "argument1": -2.5,
                      "argument2": {
                        "type": "minecraft:add",
                        "argument1": 0.9375,
                        "argument2": {
                          "type": "minecraft:mul",
                          "argument1": {
                            "type": "minecraft:y_clamped_gradient",
                            "from_y": 104,
                            "to_y": 128,
                            "from_value": 1,
                            "to_value": 0
                          },
                          "argument2": {
                            "type": "minecraft:add",
                            "argument1": -0.9375,
                            "argument2": "minecraft:nether/base_3d_noise"
                          }
                        }
                      }
                    }
                  }
                }
              }
            }
          }
        },
        "vein_toggle": 0,
        "vein_ridged": 0,
        "vein_gap": 0
      },
      "surface_rule": {
        "type": "minecraft:sequence",
        "sequence": [
          {
            "type": "minecraft:condition",
            "if_true": {
              "type": "minecraft:vertical_gradient",
              "random_name": "minecraft:bedrock_floor",
              "true_at_and_below": {
                "above_bottom": 0
              },
              "false_at_and_above": {
                "above_bottom": 5
              }
            },
            "then_run": {
              "type": "minecraft:block",
              "result_state": {
                "Name": "minecraft:bedrock"
              }
            }
          },
          {
            "type": "minecraft:condition",
            "if_true": {
              "type": "minecraft:not",
              "invert": {
                "type": "minecraft:vertical_gradient",
                "random_name": "minecraft:bedrock_roof",
                "true_at_and_below": {
                  "below_top": 5
                },
                "false_at_and_above": {
                  "below_top": 0
                }
              }
            },
            "then_run": {
              "type": "minecraft:block",
              "result_state": {
                "Name": "minecraft:bedrock"
              }
            }
          },
          {
            "type": "minecraft:condition",
            "if_true": {
              "type": "minecraft:biome",
              "biome_is": [
                "deep_dark"
              ]
            },
            "then_run": {
              "type": "minecraft:sequence",
              "sequence": [
                {
                  "type": "minecraft:condition",
                  "if_true": {
                    "type": "minecraft:stone_depth",
                    "surface_type": "floor",
                    "add_surface_depth": false,
                    "secondary_depth_range": 0,
                    "offset": 0
                  },
                  "then_run": {
                    "type": "minecraft:sequence",
                    "sequence": [
                      {
                        "type": "minecraft:condition",
                        "if_true": {
                          "type": "minecraft:water",
                          "offset": -1,
                          "surface_depth_multiplier": 0,
                          "add_stone_depth": false
                        },
                        "then_run": {
                          "type": "minecraft:block",
                          "result_state": {
                            "Name": "minecraft:sculk"
                          }
                        }
                      },
                      {
                        "type": "minecraft:block",
                        "result_state": {
                          "Name": "minecraft:deepslate",
                          "Properties": {
                            "axis": "y"
                          }
                        }
                      }
                    ]
                  }
                },
                {
                  "type": "minecraft:condition",
                  "if_true": {
                    "type": "minecraft:stone_depth",
                    "surface_type": "floor",
                    "add_surface_depth": true,
                    "secondary_depth_range": 0,
                    "offset": 0
                  },
                  "then_run": {
                    "type": "minecraft:block",
                    "result_state": {
                      "Name": "minecraft:deepslate",
                      "Properties": {
                        "axis": "y"
                      }
                    }
                  }
                }
              ]
            }
          },
          {
            "type": "minecraft:condition",
            "if_true": {
              "type": "minecraft:biome",
              "biome_is": [
                "ice_spikes"
              ]
            },
            "then_run": {
              "type": "minecraft:sequence",
              "sequence": [
                {
                  "type": "minecraft:condition",
                  "if_true": {
                    "type": "minecraft:stone_depth",
                    "surface_type": "floor",
                    "add_surface_depth": false,
                    "secondary_depth_range": 0,
                    "offset": 0
                  },
                  "then_run": {
                    "type": "minecraft:sequence",
                    "sequence": [
                      {
                        "type": "minecraft:condition",
                        "if_true": {
                          "type": "minecraft:water",
                          "offset": -1,
                          "surface_depth_multiplier": 0,
                          "add_stone_depth": false
                        },
                        "then_run": {
                          "type": "minecraft:block",
                          "result_state": {
                            "Name": "minecraft:grass_block",
                            "Properties": {
                              "snowy": "false"
                            }
                          }
                        }
                      },
                      {
                        "type": "minecraft:block",
                        "result_state": {
                          "Name": "minecraft:gravel"
                        }
                      }
                    ]
                  }
                },
                {
                  "type": "minecraft:condition",
                  "if_true": {
                    "type": "minecraft:stone_depth",
                    "surface_type": "floor",
                    "add_surface_depth": true,
                    "secondary_depth_range": 0,
                    "offset": 0
                  },
                  "then_run": {
                    "type": "minecraft:block",
                    "result_state": {
                      "Name": "minecraft:dirt"
                    }
                  }
                }
              ]
            }
          },
          {
            "type": "minecraft:condition",
            "if_true": {
              "type": "minecraft:biome",
              "biome_is": [
                "deep_cold_ocean"
              ]
            },
            "then_run": {
              "type": "minecraft:sequence",
              "sequence": [
                {
                  "type": "minecraft:condition",
                  "if_true": {
                    "type": "minecraft:stone_depth",
                    "surface_type": "floor",
                    "add_surface_depth": false,
                    "secondary_depth_range": 0,
                    "offset": 0
                  },
                  "then_run": {
                    "type": "minecraft:sequence",
                    "sequence": [
                      {
                        "type": "minecraft:condition",
                        "if_true": {
                          "type": "minecraft:water",
                          "offset": -1,
                          "surface_depth_multiplier": 0,
                          "add_stone_depth": false
                        },
                        "then_run": {
                          "type": "minecraft:block",
                          "result_state": {
                            "Name": "minecraft:grass_block",
                            "Properties": {
                              "snowy": "false"
                            }
                          }
                        }
                      },
                      {
                        "type": "minecraft:block",
                        "result_state": {
                          "Name": "minecraft:gravel"
                        }
                      }
                    ]
                  }
                },
                {
                  "type": "minecraft:condition",
                  "if_true": {
                    "type": "minecraft:stone_depth",
                    "surface_type": "floor",
                    "add_surface_depth": true,
                    "secondary_depth_range": 0,
                    "offset": 0
                  },
                  "then_run": {
                    "type": "minecraft:block",
                    "result_state": {
                      "Name": "minecraft:dirt"
                    }
                  }
                }
              ]
            }
          },
          {
            "type": "minecraft:condition",
            "if_true": {
              "type": "minecraft:biome",
              "biome_is": [
                "end_midlands"
              ]
            },
            "then_run": {
              "type": "minecraft:sequence",
              "sequence": [
                {
                  "type": "minecraft:condition",
                  "if_true": {
                    "type": "minecraft:stone_depth",
                    "surface_type": "floor",
                    "add_surface_depth": false,
                    "secondary_depth_range": 0,
                    "offset": 0
                  },
                  "then_run": {
                    "type": "minecraft:sequence",
                    "sequence": [
                      {
                        "type": "minecraft:condition",
                        "if_true": {
                          "type": "minecraft:water",
                          "offset": -1,
                          "surface_depth_multiplier": 0,
                          "add_stone_depth": false
                        },
                        "then_run": {
                          "type": "minecraft:block",
                          "result_state": {
                            "Name": "minecraft:end_stone"
                          }
                        }
                      },
                      {
                        "type": "minecraft:block",
                        "result_state": {
                          "Name": "minecraft:end_stone"
                        }
                      }
                    ]
                  }
                },
                {
                  "type": "minecraft:condition",
                  "if_true": {
                    "type": "minecraft:stone_depth",
                    "surface_type": "floor",
                    "add_surface_depth": true,
                    "secondary_depth_range": 0,
                    "offset": 0
                  },
                  "then_run": {
                    "type": "minecraft:block",
                    "result_state": {
                      "Name": "minecraft:end_stone"
                    }
                  }
                }
              ]
            }
          },
          {
            "type": "minecraft:condition",
            "if_true": {
              "type": "minecraft:biome",
              "biome_is": [
                "liam:darkness"
              ]
            },
            "then_run": {
              "type": "minecraft:sequence",
              "sequence": [
                {
                  "type": "minecraft:condition",
                  "if_true": {
                    "type": "minecraft:stone_depth",
                    "surface_type": "floor",
                    "add_surface_depth": false,
                    "secondary_depth_range": 0,
                    "offset": 0
                  },
                  "then_run": {
                    "type": "minecraft:sequence",
                    "sequence": [
                      {
                        "type": "minecraft:condition",
                        "if_true": {
                          "type": "minecraft:water",
                          "offset": -1,
                          "surface_depth_multiplier": 0,
                          "add_stone_depth": false
                        },
                        "then_run": {
                          "type": "minecraft:block",
                          "result_state": {
                            "Name": "minecraft:grass_block",
                            "Properties": {
                              "snowy": "false"
                            }
                          }
                        }
                      },
                      {
                        "type": "minecraft:block",
                        "result_state": {
                          "Name": "minecraft:gravel"
                        }
                      }
                    ]
                  }
                },
                {
                  "type": "minecraft:condition",
                  "if_true": {
                    "type": "minecraft:stone_depth",
                    "surface_type": "floor",
                    "add_surface_depth": true,
                    "secondary_depth_range": 0,
                    "offset": 0
                  },
                  "then_run": {
                    "type": "minecraft:block",
                    "result_state": {
                      "Name": "minecraft:dirt"
                    }
                  }
                }
              ]
            }
          },
          {
            "type": "minecraft:condition",
            "if_true": {
              "type": "minecraft:biome",
              "biome_is": [
                "liam:slime"
              ]
            },
            "then_run": {
              "type": "minecraft:sequence",
              "sequence": [
                {
                  "type": "minecraft:condition",
                  "if_true": {
                    "type": "minecraft:stone_depth",
                    "surface_type": "floor",
                    "add_surface_depth": false,
                    "secondary_depth_range": 0,
                    "offset": 0
                  },
                  "then_run": {
                    "type": "minecraft:sequence",
                    "sequence": [
                      {
                        "type": "minecraft:condition",
                        "if_true": {
                          "type": "minecraft:water",
                          "offset": -1,
                          "surface_depth_multiplier": 0,
                          "add_stone_depth": false
                        },
                        "then_run": {
                          "type": "minecraft:block",
                          "result_state": {
                            "Name": "minecraft:slime_block"
                          }
                        }
                      },
                      {
                        "type": "minecraft:block",
                        "result_state": {
                          "Name": "minecraft:slime_block"
                        }
                      }
                    ]
                  }
                },
                {
                  "type": "minecraft:condition",
                  "if_true": {
                    "type": "minecraft:stone_depth",
                    "surface_type": "floor",
                    "add_surface_depth": true,
                    "secondary_depth_range": 0,
                    "offset": 0
                  },
                  "then_run": {
                    "type": "minecraft:block",
                    "result_state": {
                      "Name": "minecraft:slime_block"
                    }
                  }
                }
              ]
            }
          },
          {
            "type": "minecraft:block",
            "result_state": {
              "Name": "minecraft:sculk"
            }
          }
        ]
      }
    }
  }
}