{
  "_fv": 79,
  "_type": "recipe",
  "definition": {
    "recipeType": "Crafting",
    "recipeRetstackSize": 1,
    "group": "",
    "unlockingItems": [],
    "cookingBookCategory": "MISC",
    "xpReward": 0.0,
    "cookingTime": 200,
    "craftingBookCategory": "MISC",
    "recipeShapeless": false,
    "recipeSlots": [
      {
        "value": "Items.PAPER"
      },
      {
        "value": "Items.PAPER"
      },
      {
        "value": "Items.PAPER"
      },
      {
        "value": "Items.EMERALD"
      },
      {
        "value": "Items.DIAMOND"
      },
      {
        "value": "Items.EMERALD"
      },
      {
        "value": "CUSTOM:Tendollarbill"
      },
      {
        "value": "CUSTOM:Tendollarbill"
      },
      {
        "value": "CUSTOM:Tendollarbill"
      }
    ],
    "recipeReturnStack": {
      "value": "CUSTOM:Hundreddollarbill"
    },
    "name": "hundreddollarrecipe",
    "namespace": "mod"
  }
}