{"stats":{"minecraft:custom":{"minecraft:time_since_rest":126661,"minecraft:interact_with_smithing_table":2,"minecraft:sprint_one_cm":9883,"minecraft:walk_one_cm":123794,"minecraft:mob_kills":7,"minecraft:interact_with_anvil":7,"minecraft:drop":15,"minecraft:damage_dealt":1471,"minecraft:talked_to_villager":8,"minecraft:fly_one_cm":213304,"minecraft:fill_cauldron":2,"minecraft:crouch_one_cm":377,"minecraft:play_time":126661,"minecraft:interact_with_loom":2,"minecraft:sneak_time":249,"minecraft:walk_under_water_one_cm":2838,"minecraft:jump":185,"minecraft:eat_cake_slice":14,"minecraft:leave_game":7,"minecraft:time_since_death":126661,"minecraft:walk_on_water_one_cm":683,"minecraft:enchant_item":8,"minecraft:total_world_time":127554},"minecraft:used":{"minecraft:wandering_trader_spawn_egg":41,"minecraft:netherite_sword":44,"minecraft:water_bucket":2,"minecraft:enchanting_table":2,"minecraft:iron_bars":153,"minecraft:firework_rocket":204,"minecraft:bookshelf":12,"minecraft:villager_spawn_egg":16,"minecraft:flint_and_steel":56,"minecraft:iron_block":4,"minecraft:grass_block":48,"minecraft:light_gray_candle":5,"minecraft:suspicious_stew":26,"minecraft:stone_button":5,"murari:city_block":12,"minecraft:zombie_spawn_egg":29,"minecraft:cauldron":6,"minecraft:iron_door":4,"minecraft:parrot_spawn_egg":56,"minecraft:sheep_spawn_egg":1,"murari:atm_block":3,"murari:window_block":21,"minecraft:bedrock":101,"minecraft:torch":5,"minecraft:cobblestone":91,"minecraft:red_carpet":67,"minecraft:diamond_block":385,"minecraft:anvil":4,"minecraft:loom":2,"minecraft:smithing_table":2,"murari:pathway_block":36,"minecraft:painting":4,"minecraft:cake":4},"minecraft:crafted":{"minecraft:netherite_chestplate":1,"minecraft:netherite_leggings":1,"minecraft:netherite_boots":1,"minecraft:netherite_helmet":1},"minecraft:killed":{"minecraft:sheep":1,"minecraft:zombie":1,"minecraft:rabbit":1,"minecraft:wandering_trader":3,"minecraft:enderman":1},"minecraft:dropped":{"murari:pathway_block":1,"minecraft:wheat_seeds":1,"minecraft:diamond":120,"minecraft:smithing_table":3,"minecraft:rib_armor_trim_smithing_template":24,"minecraft:iron_bars":1,"minecraft:name_tag":1,"minecraft:enchanting_table":2,"minecraft:red_carpet":1},"minecraft:picked_up":{"minecraft:enchanting_table":1,"minecraft:iron_door":1,"minecraft:smithing_table":2,"murari:pathway_block":1,"minecraft:name_tag":1,"minecraft:red_carpet":1,"minecraft:light_gray_candle":1,"minecraft:diamond":60,"minecraft:wheat_seeds":6,"minecraft:rib_armor_trim_smithing_template":16,"minecraft:oak_sapling":2,"minecraft:mutton":1,"minecraft:iron_bars":1,"minecraft:white_wool":1}},"DataVersion":3700}