{
  "type": "minecraft:crafting_shaped",
  "category": "misc",
  "pattern": [
    "abc",
    "def",
    "ghi"
  ],
  "key": {
    "a": "minecraft:granite_slab",
    "b": "minecraft:waxed_exposed_cut_copper_stairs",
    "c": "minecraft:small_amethyst_bud",
    "d": "minecraft:pale_moss_carpet",
    "e": "minecraft:oxidized_cut_copper_slab",
    "f": "minecraft:smooth_quartz_slab",
    "g": "minecraft:mossy_cobblestone_slab",
    "h": "minecraft:moss_carpet",
    "i": "minecraft:acacia_sapling"
  },
  "result": {
    "id": "aayansh_workspace:one_dollar_bill",
    "count": 1
  }
}