{
  "type": "minecraft:crafting_shaped",
  "category": "misc",
  "pattern": [
    "abc",
    "def",
    "ghi"
  ],
  "key": {
    "a": "minecraft:acacia_planks",
    "b": "minecraft:bamboo_block",
    "c": "minecraft:redstone_block",
    "d": "minecraft:dark_oak_sapling",
    "e": "minecraft:pointed_dripstone",
    "f": "minecraft:cobblestone",
    "g": "minecraft:grass_block",
    "h": "minecraft:pale_hanging_moss",
    "i": "minecraft:tuff_brick_stairs"
  },
  "result": {
    "id": "aayansh_workspace:ten_dollar_bill",
    "count": 1
  }
}