{
  "type": "minecraft:crafting_shaped",
  "category": "misc",
  "pattern": [
    "abc",
    "def",
    "ghi"
  ],
  "key": {
    "a": "minecraft:nether_gold_ore",
    "b": "minecraft:phantom_spawn_egg",
    "c": "minecraft:spruce_door",
    "d": "aayansh_workspace:water_block",
    "e": "minecraft:dark_oak_sign",
    "f": "minecraft:amethyst_cluster",
    "g": "minecraft:golden_sword",
    "h": "minecraft:blue_bed",
    "i": "aayansh_workspace:tntblock"
  },
  "result": {
    "id": "aayansh_workspace:one_hundred_dollar_bill",
    "count": 1
  }
}