{"stats":{"minecraft:dropped":{"minecraft:gold_block":1,"minecraft:diamond_block":2,"minecraft:stone_button":3,"minecraft:netherite_sword":3,"minecraft:iron_bars":1},"minecraft:picked_up":{"minecraft:lead":1,"minecraft:leather":2,"minecraft:torch":1,"minecraft:gold_block":1,"minecraft:stone_button":3,"minecraft:diamond_block":2,"minecraft:arrow":2,"minecraft:bone":4,"minecraft:slime_ball":1,"minecraft:bow":1,"minecraft:netherite_sword":3,"minecraft:iron_bars":1},"minecraft:killed":{"minecraft:skeleton":3,"minecraft:trader_llama":2,"minecraft:bat":40,"minecraft:wandering_trader":1,"minecraft:slime":2,"minecraft:villager":3},"minecraft:custom":{"minecraft:time_since_rest":137487,"minecraft:sprint_one_cm":34713,"minecraft:walk_one_cm":461733,"minecraft:trigger_trapped_chest":1,"minecraft:interact_with_anvil":5,"minecraft:mob_kills":52,"minecraft:drop":10,"minecraft:damage_dealt":4775,"minecraft:talked_to_villager":18,"minecraft:fly_one_cm":283764,"minecraft:crouch_one_cm":2006,"minecraft:play_time":137487,"minecraft:sneak_time":548,"minecraft:jump":221,"minecraft:leave_game":4,"minecraft:time_since_death":137487,"minecraft:total_world_time":139056},"minecraft:used":{"minecraft:netherite_sword":160,"minecraft:honey_block":24,"minecraft:black_concrete":7,"minecraft:iron_bars":7,"minecraft:villager_spawn_egg":7,"minecraft:iron_block":53,"minecraft:grass_block":56,"minecraft:stone_button":7,"minecraft:gray_concrete_powder":111,"minecraft:iron_door":10,"minecraft:gravel":1,"minecraft:bedrock":478,"minecraft:torch":119,"minecraft:diamond_block":61,"minecraft:anvil":2,"minecraft:emerald_block":26,"minecraft:red_bed":1,"minecraft:lapis_block":9,"minecraft:trapped_chest":8,"minecraft:gold_block":1700,"murari:pathway_block":69,"minecraft:gray_concrete":3}},"DataVersion":3700}