{
  "type": "minecraft:tree",
  "config": {
    "force_dirt": false,
    "ignore_vines": true,
    "minimum_size": {
      "type": "minecraft:two_layers_feature_size",
      "limit": 1,
      "lower_size": 1,
      "upper_size": 2
    },
    "dirt_provider": {
      "type": "minecraft:simple_state_provider",
      "state": {
        "Name": "minecraft:tripwire_hook",
        "Properties": {
          "attached": "false",
          "facing": "north",
          "powered": "false"
        }
      }
    },
    "trunk_provider": {
      "type": "minecraft:simple_state_provider",
      "state": {
        "Name": "minecraft:iron_bars",
        "Properties": {
          "east": "false",
          "north": "false",
          "south": "false",
          "waterlogged": "false",
          "west": "false"
        }
      }
    },
    "foliage_provider": {
      "type": "minecraft:simple_state_provider",
      "state": {
        "Name": "minecraft:iron_bars",
        "Properties": {
          "east": "false",
          "north": "false",
          "south": "false",
          "waterlogged": "false",
          "west": "false"
        }
      }
    },
    "trunk_placer": {
      "type": "minecraft:mega_jungle_trunk_placer",
      "base_height": 7,
      "height_rand_a": 2,
      "height_rand_b": 19
    },
    "foliage_placer": {
      "type": "minecraft:jungle_foliage_placer",
      "radius": 2,
      "offset": 0,
      "height": 2
    },
    "decorators": [
      {
        "type": "bob_hamburgr:rat_tree_fruit_decorator"
      },
      {
        "type": "bob_hamburgr:rat_tree_trunk_decorator"
      },
      {
        "type": "bob_hamburgr:rat_tree_leave_decorator"
      }
    ]
  }
}