{"stats":{"minecraft:used":{"minecraft:glass":5,"minecraft:birch_door":14,"minecraft:oak_trapdoor":12,"minecraft:blue_stained_glass_pane":9,"minecraft:water_bucket":6,"minecraft:lever":97,"minecraft:end_rod":35,"minecraft:sea_lantern":1,"minecraft:black_wool":19,"minecraft:iron_bars":323,"minecraft:villager_spawn_egg":4,"minecraft:iron_block":421,"luke:atm_block":68,"minecraft:red_concrete":30,"minecraft:powered_rail":342,"minecraft:cyan_bed":1,"minecraft:polished_andesite":9,"minecraft:polished_andesite_stairs":178,"minecraft:quartz_block":1127,"luke:pathway_block":410,"minecraft:chest":3,"minecraft:tropical_fish_spawn_egg":3,"minecraft:iron_door":32,"minecraft:warped_sign":12,"minecraft:farmland":220,"minecraft:oak_door":1,"minecraft:smooth_quartz_stairs":436,"minecraft:red_stained_glass_pane":9,"minecraft:redstone_lamp":92,"minecraft:rail":32,"minecraft:light_blue_concrete":2410,"minecraft:scaffolding":116,"minecraft:furnace":38,"minecraft:white_stained_glass_pane":52,"minecraft:podzol":260,"minecraft:minecart":3,"minecraft:glass_pane":562,"minecraft:gold_block":229,"luke:city_block":3910,"minecraft:painting":4,"luke:home_plate_block":4,"minecraft:oak_fence_gate":2,"minecraft:brown_bed":3},"minecraft:picked_up":{"minecraft:scaffolding":52,"minecraft:birch_door":2,"minecraft:quartz_block":1,"minecraft:lever":2,"minecraft:light_gray_wool":1,"minecraft:mutton":1},"minecraft:dropped":{"minecraft:quartz_block":1},"minecraft:custom":{"minecraft:time_since_rest":65670,"minecraft:interact_with_furnace":5,"minecraft:sprint_one_cm":3856,"minecraft:damage_taken":560,"minecraft:walk_one_cm":425178,"minecraft:mob_kills":4,"minecraft:drop":1,"minecraft:minecart_one_cm":48031,"minecraft:damage_dealt":720,"minecraft:fly_one_cm":1268913,"minecraft:open_chest":2,"minecraft:crouch_one_cm":8171,"minecraft:play_time":479569,"minecraft:deaths":2,"minecraft:sneak_time":19509,"minecraft:jump":977,"minecraft:leave_game":3,"minecraft:walk_on_water_one_cm":112,"minecraft:time_since_death":65538,"minecraft:sleep_in_bed":7,"minecraft:climb_one_cm":31602,"minecraft:total_world_time":481210},"minecraft:killed":{"minecraft:sheep":1,"minecraft:villager":3}},"DataVersion":3700}