{
  "_fv": 79,
  "_type": "biome",
  "definition": {
    "name": "Rats",
    "groundBlock": {
      "value": "Blocks.STONEBRICK#0"
    },
    "undergroundBlock": {
      "value": "Blocks.TRIPWIRE_HOOK"
    },
    "underwaterBlock": {
      "value": "Blocks.TRIPWIRE_HOOK"
    },
    "airColor": {
      "value": -6684775,
      "falpha": 0.0
    },
    "fogColor": {
      "value": -3407668,
      "falpha": 0.0
    },
    "grassColor": {
      "value": -16711681,
      "falpha": 0.0
    },
    "foliageColor": {
      "value": -103,
      "falpha": 0.0
    },
    "waterColor": {
      "value": -10066330,
      "falpha": 0.0
    },
    "waterFogColor": {
      "value": -3342388,
      "falpha": 0.0
    },
    "ambientSound": {
      "value": "ambient.cave"
    },
    "additionsSound": {
      "value": "ambient.cave"
    },
    "music": {
      "value": "ambient.cave"
    },
    "moodSound": {
      "value": "ambient.cave"
    },
    "moodSoundDelay": 6000,
    "spawnParticles": true,
    "particleToSpawn": {
      "value": "CAMPFIRE_SIGNAL_SMOKE"
    },
    "particlesProbability": 0.5,
    "rainingPossibility": 0.5,
    "temperature": 0.5,
    "spawnBiome": true,
    "spawnInCaves": false,
    "spawnBiomeNether": false,
    "genTemperature": {
      "min": -0.5,
      "max": 0.5
    },
    "genHumidity": {
      "min": -0.5,
      "max": 0.5
    },
    "genContinentalness": {
      "min": 0.3,
      "max": 1.0
    },
    "genErosion": {
      "min": -0.5,
      "max": 0.5
    },
    "genWeirdness": {
      "min": -1.0,
      "max": 1.0
    },
    "treesPerChunk": 1,
    "vanillaTreeType": "Big trees",
    "treeType": 1,
    "minHeight": 7,
    "treeStem": {
      "value": "Blocks.IRON_BARS"
    },
    "treeBranch": {
      "value": "Blocks.IRON_BARS"
    },
    "treeVines": {
      "value": "Blocks.IRON_BARS"
    },
    "treeFruits": {
      "value": "Blocks.LEVER"
    },
    "defaultFeatures": [
      "Caves",
      "Ores",
      "FrozenTopLayer"
    ],
    "spawnStronghold": true,
    "spawnMineshaft": true,
    "spawnMineshaftMesa": true,
    "spawnPillagerOutpost": true,
    "villageType": "none",
    "spawnWoodlandMansion": true,
    "spawnJungleTemple": true,
    "spawnDesertPyramid": false,
    "spawnSwampHut": false,
    "spawnIgloo": true,
    "spawnOceanMonument": false,
    "spawnShipwreck": true,
    "spawnShipwreckBeached": false,
    "spawnBuriedTreasure": true,
    "oceanRuinType": "COLD",
    "spawnNetherBridge": true,
    "spawnNetherFossil": true,
    "spawnBastionRemnant": false,
    "spawnEndCity": true,
    "spawnRuinedPortal": "STANDARD",
    "spawnEntries": []
  }
}