{
  "_fv": 79,
  "_type": "recipe",
  "definition": {
    "recipeType": "Crafting",
    "recipeRetstackSize": 2,
    "group": "",
    "unlockingItems": [],
    "cookingBookCategory": "MISC",
    "xpReward": 0.0,
    "cookingTime": 200,
    "craftingBookCategory": "MISC",
    "recipeShapeless": false,
    "recipeSlots": [
      {
        "value": "Items.DYE#2"
      },
      {
        "value": "Items.DYE#10"
      },
      {
        "value": "Items.SLIME_BALL"
      },
      {
        "value": "Items.MAP"
      },
      {
        "value": "Items.MAP"
      },
      {
        "value": "Items.GOLD_NUGGET"
      },
      {
        "value": ""
      },
      {
        "value": ""
      },
      {
        "value": ""
      }
    ],
    "recipeReturnStack": {
      "value": "CUSTOM:DollarBill"
    },
    "name": "dollar_bill_recipe",
    "namespace": "mod"
  }
}