{
  "_fv": 79,
  "_type": "recipe",
  "definition": {
    "recipeType": "Crafting",
    "recipeRetstackSize": 1,
    "group": "",
    "unlockingItems": [],
    "cookingBookCategory": "MISC",
    "xpReward": 0.0,
    "cookingTime": 200,
    "craftingBookCategory": "MISC",
    "recipeShapeless": false,
    "recipeSlots": [
      {
        "value": "Blocks.BAMBOO_BLOCK"
      },
      {
        "value": "Blocks.SLIME_BLOCK"
      },
      {
        "value": "Blocks.BAMBOO_BLOCK"
      },
      {
        "value": "Blocks.BAMBOO_BLOCK"
      },
      {
        "value": "Blocks.BAMBOO_BLOCK"
      },
      {
        "value": "Blocks.CARVED_PUMPKIN"
      },
      {
        "value": "Blocks.BAMBOO_BLOCK"
      },
      {
        "value": "Blocks.BAMBOO_BLOCK"
      },
      {
        "value": "Blocks.BAMBOO_BLOCK"
      }
    ],
    "recipeReturnStack": {
      "value": "CUSTOM:A123456"
    },
    "name": "a_123456res",
    "namespace": "mod"
  }
}