{
  "_fv": 79,
  "_type": "recipe",
  "definition": {
    "recipeType": "Crafting",
    "recipeRetstackSize": 2,
    "group": "",
    "unlockingItems": [],
    "cookingBookCategory": "MISC",
    "xpReward": 0.0,
    "cookingTime": 200,
    "craftingBookCategory": "MISC",
    "recipeShapeless": false,
    "recipeSlots": [
      {
        "value": ""
      },
      {
        "value": "CUSTOM:Blocklava"
      },
      {
        "value": ""
      },
      {
        "value": "Blocks.LIT_PUMPKIN"
      },
      {
        "value": ""
      },
      {
        "value": "CUSTOM:Onedollar"
      },
      {
        "value": ""
      },
      {
        "value": "Blocks.CORNFLOWER"
      },
      {
        "value": ""
      }
    ],
    "recipeReturnStack": {
      "value": "CUSTOM:Agoogoo"
    },
    "name": "agoogoores",
    "namespace": "mod"
  }
}