{
  "_fv": 79,
  "_type": "livingentity",
  "definition": {
    "mobName": "Anoob",
    "mobLabel": "",
    "mobModelName": "Villager",
    "mobModelTexture": "image-removebg-preview_1.png",
    "transparentModelCondition": {
      "fixedValue": false
    },
    "isShakingCondition": {
      "fixedValue": false
    },
    "solidBoundingBox": {
      "fixedValue": false
    },
    "visualScale": {
      "fixedValue": 1.0
    },
    "boundingBoxScale": {
      "fixedValue": 1.0
    },
    "modelLayers": [],
    "animations": [],
    "modelWidth": 0.6,
    "modelHeight": 1.95,
    "modelShadowSize": 0.5,
    "mountedYOffset": 0.0,
    "hasSpawnEgg": true,
    "spawnEggBaseColor": {
      "value": -16776961,
      "falpha": 0.0
    },
    "spawnEggDotColor": {
      "value": -6710887,
      "falpha": 0.0
    },
    "creativeTabs": [
      {
        "value": "MISC"
      }
    ],
    "isBoss": false,
    "bossBarColor": "PINK",
    "bossBarType": "PROGRESS",
    "equipmentMainHand": {
      "value": ""
    },
    "equipmentOffHand": {
      "value": ""
    },
    "equipmentHelmet": {
      "value": ""
    },
    "equipmentBody": {
      "value": ""
    },
    "equipmentLeggings": {
      "value": ""
    },
    "equipmentBoots": {
      "value": ""
    },
    "mobBehaviourType": "Raider",
    "mobCreatureType": "UNDEFINED",
    "attackStrength": 3,
    "attackKnockback": 0.0,
    "knockbackResistance": 0.0,
    "movementSpeed": 0.3,
    "stepHeight": 0.6,
    "armorBaseValue": 0.0,
    "trackingRange": 64,
    "followRange": 16,
    "health": 10,
    "xpAmount": 0,
    "waterMob": false,
    "breatheUnderwater": {
      "fixedValue": false
    },
    "pushedByFluids": {
      "fixedValue": true
    },
    "flyingMob": false,
    "inventorySize": 9,
    "inventoryStackSize": 99,
    "disableCollisions": false,
    "ridable": false,
    "canControlForward": false,
    "canControlStrafe": false,
    "immuneToFire": false,
    "immuneToArrows": false,
    "immuneToFallDamage": false,
    "immuneToCactus": false,
    "immuneToDrowning": false,
    "immuneToLightning": false,
    "immuneToPotions": false,
    "immuneToPlayer": false,
    "immuneToExplosion": false,
    "immuneToTrident": false,
    "immuneToAnvil": false,
    "immuneToWither": false,
    "immuneToDragonBreath": false,
    "mobDrop": {
      "value": ""
    },
    "livingSound": {
      "value": "entity.cow.milk"
    },
    "hurtSound": {
      "value": "block.snow.hit"
    },
    "deathSound": {
      "value": "entity.pig.death"
    },
    "stepSound": {
      "value": "block.amethyst_cluster.place"
    },
    "raidCelebrationSound": {
      "value": ""
    },
    "entityDataEntries": [],
    "hasAI": true,
    "aiBase": "(none)",
    "aixml": "<xml xmlns=\"https://developers.google.com/blockly/xml\"><block type=\"aitasks_container\" deletable=\"false\" x=\"1166\" y=\"118\"><next><block type=\"attack_entity\"><field name=\"insight\">TRUE</field><field name=\"nearby\">FALSE</field><field name=\"entity\">EntityVillager</field><field name=\"condition\">null,null</field><next><block type=\"attack_entity\"><field name=\"insight\">TRUE</field><field name=\"nearby\">FALSE</field><field name=\"entity\">EntityPlayer</field><field name=\"condition\">null,null</field><next><block type=\"attack_on_collide\"><field name=\"speed\">1.2</field><field name=\"longmemory\">FALSE</field><field name=\"condition\">null,null</field><next><block type=\"follow_item_in_hands\"><field name=\"speed\">1</field><field name=\"scared\">FALSE</field><field name=\"condition\">null,null</field><value name=\"item\"><block type=\"mcitem_all\"><field name=\"value\">Items.BANNER#11</field></block></value><next><block type=\"wander\"><field name=\"speed\">1</field><field name=\"condition\">null,null</field><next><block type=\"panic_when_attacked\"><field name=\"speed\">1.2</field><field name=\"condition\">null,null</field><next><block type=\"attack_action\"><field name=\"callhelp\">TRUE</field><field name=\"condition\">null,null</field><next><block type=\"doors_close\"><field name=\"condition\">null,null</field><next><block type=\"doors_break\"><field name=\"condition\">null,null</field><next><block type=\"look_around\"><field name=\"condition\">null,null</field></block></next></block></next></block></next></block></next></block></next></block></next></block></next></block></next></block></next></block></next></block></xml>",
    "breedable": false,
    "tameable": false,
    "breedTriggerItems": [],
    "ranged": false,
    "rangedAttackItem": {
      "value": ""
    },
    "rangedItemType": "Default item",
    "rangedAttackInterval": 20,
    "rangedAttackRadius": 10.0,
    "spawnThisMob": true,
    "doesDespawnWhenIdle": true,
    "spawningProbability": 20,
    "mobSpawningType": "creature",
    "minNumberOfMobsPerGroup": 5,
    "maxNumberOfMobsPerGroup": 40,
    "restrictionBiomes": [
      {
        "value": "forest"
      },
      {
        "value": "bamboo_jungle"
      },
      {
        "value": "cherry_grove"
      }
    ],
    "spawnInDungeons": false,
    "raidSpawnsCount": [
      4,
      3,
      3,
      4,
      4,
      4,
      2
    ],
    "sensitiveToVibration": false,
    "vibrationalEvents": [],
    "vibrationSensitivityRadius": {
      "fixedValue": 7.0
    }
  }
}