{
  "_fv": 79,
  "_type": "recipe",
  "definition": {
    "recipeType": "Crafting",
    "recipeRetstackSize": 1,
    "group": "",
    "unlockingItems": [],
    "cookingBookCategory": "MISC",
    "xpReward": 0.0,
    "cookingTime": 200,
    "craftingBookCategory": "MISC",
    "recipeShapeless": true,
    "recipeSlots": [
      {
        "value": "Blocks.CRACKED_DEEPSLATE_BRICKS"
      },
      {
        "value": "Blocks.CRACKED_DEEPSLATE_BRICKS"
      },
      {
        "value": "Blocks.CRACKED_DEEPSLATE_BRICKS"
      },
      {
        "value": "Items.BLACK_BUNDLE"
      },
      {
        "value": "CUSTOM:Onehun"
      },
      {
        "value": "Items.BLACK_BUNDLE"
      },
      {
        "value": "Blocks.DEEPSLATE_BRICKS"
      },
      {
        "value": "Blocks.PISTON"
      },
      {
        "value": "Blocks.DEEPSLATE_BRICKS"
      }
    ],
    "recipeReturnStack": {
      "value": "CUSTOM:ATM"
    },
    "name": "at_mres",
    "namespace": "mod"
  }
}