{
  "_fv": 79,
  "_type": "recipe",
  "definition": {
    "recipeType": "Crafting",
    "recipeRetstackSize": 1,
    "group": "",
    "unlockingItems": [],
    "cookingBookCategory": "MISC",
    "xpReward": 0.0,
    "cookingTime": 200,
    "craftingBookCategory": "MISC",
    "recipeShapeless": true,
    "recipeSlots": [
      {
        "value": ""
      },
      {
        "value": "Items.SPECKLED_MELON"
      },
      {
        "value": ""
      },
      {
        "value": "Items.LAVA_BUCKET"
      },
      {
        "value": "Items.COPPER_INGOT"
      },
      {
        "value": "Blocks.GOLD_BLOCK"
      },
      {
        "value": "Items.LAVA_BUCKET"
      },
      {
        "value": "Blocks.REDSTONE_BLOCK"
      },
      {
        "value": "Blocks.CANDLE#2"
      }
    ],
    "recipeReturnStack": {
      "value": "CUSTOM:Blocklava"
    },
    "name": "blocklavares",
    "namespace": "mod"
  }
}