{
  "_fv": 79,
  "_type": "recipe",
  "definition": {
    "recipeType": "Crafting",
    "recipeRetstackSize": 1,
    "group": "",
    "unlockingItems": [],
    "cookingBookCategory": "MISC",
    "xpReward": 0.0,
    "cookingTime": 200,
    "craftingBookCategory": "MISC",
    "recipeShapeless": false,
    "recipeSlots": [
      {
        "value": "Items.SLIME_BALL"
      },
      {
        "value": "CUSTOM:Tendollar"
      },
      {
        "value": "CUSTOM:Tendollar"
      },
      {
        "value": "Blocks.REEDS"
      },
      {
        "value": "Blocks.SKULL#5"
      },
      {
        "value": "Blocks.CLOSED_EYEBLOSSOM"
      },
      {
        "value": ""
      },
      {
        "value": ""
      },
      {
        "value": ""
      }
    ],
    "recipeReturnStack": {
      "value": "CUSTOM:Onehun"
    },
    "name": "onehunres",
    "namespace": "mod"
  }
}