{
  "_fv": 79,
  "_type": "recipe",
  "definition": {
    "recipeType": "Crafting",
    "recipeRetstackSize": 1,
    "group": "",
    "unlockingItems": [],
    "cookingBookCategory": "MISC",
    "xpReward": 0.0,
    "cookingTime": 200,
    "craftingBookCategory": "MISC",
    "recipeShapeless": true,
    "recipeSlots": [
      {
        "value": "Blocks.BOOKSHELF"
      },
      {
        "value": "Blocks.WARPED_HYPHAE"
      },
      {
        "value": "Blocks.STAINED_GLASS"
      },
      {
        "value": "Blocks.LIME_BED"
      },
      {
        "value": "Blocks.LIGHT_BLUE_BED"
      },
      {
        "value": "Blocks.MAGENTA_BED"
      },
      {
        "value": "Blocks.RED_BED"
      },
      {
        "value": "Blocks.ORANGE_BED"
      },
      {
        "value": "Blocks.YELLOW_BED"
      }
    ],
    "recipeReturnStack": {
      "value": "CUSTOM:Rabed"
    },
    "name": "rabedres",
    "namespace": "mod"
  }
}