{
  "_fv": 79,
  "_type": "biome",
  "definition": {
    "name": "Redwood Forest",
    "groundBlock": {
      "value": "Blocks.GRASS"
    },
    "undergroundBlock": {
      "value": "Blocks.DIRT#0"
    },
    "underwaterBlock": {
      "value": "Blocks.SAND#0"
    },
    "airColor": {
      "value": -52429,
      "falpha": 0.0
    },
    "fogColor": {
      "value": -10027162,
      "falpha": 0.0
    },
    "grassColor": {
      "value": -3342541,
      "falpha": 0.0
    },
    "foliageColor": {
      "value": -3407872,
      "falpha": 0.0
    },
    "waterColor": {
      "value": -16763905,
      "falpha": 0.0
    },
    "waterFogColor": {
      "value": -10066177,
      "falpha": 0.0
    },
    "ambientSound": {
      "value": ""
    },
    "additionsSound": {
      "value": ""
    },
    "music": {
      "value": ""
    },
    "moodSound": {
      "value": ""
    },
    "moodSoundDelay": 6000,
    "spawnParticles": false,
    "particleToSpawn": {
      "value": "ASH"
    },
    "particlesProbability": 0.5,
    "rainingPossibility": 0.7,
    "temperature": 0.6,
    "spawnBiome": true,
    "spawnInCaves": false,
    "spawnBiomeNether": false,
    "genTemperature": {
      "min": -0.5,
      "max": 0.5
    },
    "genHumidity": {
      "min": -0.5,
      "max": 0.5
    },
    "genContinentalness": {
      "min": 0.3,
      "max": 1.0
    },
    "genErosion": {
      "min": -0.5,
      "max": 0.5
    },
    "genWeirdness": {
      "min": -1.0,
      "max": 1.0
    },
    "treesPerChunk": 1,
    "vanillaTreeType": "Big trees",
    "treeType": 1,
    "minHeight": 12,
    "treeStem": {
      "value": "CUSTOM:Redwoodlog"
    },
    "treeBranch": {
      "value": "CUSTOM:RedwoodPlank"
    },
    "treeVines": {
      "value": "Blocks.CAVE_VINES"
    },
    "treeFruits": {
      "value": "Blocks.SWEET_BERRY_BUSH"
    },
    "defaultFeatures": [
      "Caves",
      "Ores",
      "ForestFlowers",
      "Fossils",
      "MonsterRooms"
    ],
    "spawnStronghold": false,
    "spawnMineshaft": true,
    "spawnMineshaftMesa": false,
    "spawnPillagerOutpost": true,
    "villageType": "plains",
    "spawnWoodlandMansion": true,
    "spawnJungleTemple": false,
    "spawnDesertPyramid": false,
    "spawnSwampHut": false,
    "spawnIgloo": false,
    "spawnOceanMonument": false,
    "spawnShipwreck": false,
    "spawnShipwreckBeached": false,
    "spawnBuriedTreasure": false,
    "oceanRuinType": "NONE",
    "spawnNetherBridge": false,
    "spawnNetherFossil": false,
    "spawnBastionRemnant": false,
    "spawnEndCity": false,
    "spawnRuinedPortal": "JUNGLE",
    "spawnEntries": [
      {
        "entity": {
          "value": "EntityBee"
        },
        "minGroup": 4,
        "maxGroup": 4,
        "weight": 20,
        "spawnType": "monster"
      },
      {
        "entity": {
          "value": "EntityHorse"
        },
        "minGroup": 4,
        "maxGroup": 4,
        "weight": 20,
        "spawnType": "creature"
      },
      {
        "entity": {
          "value": "EntityChicken"
        },
        "minGroup": 4,
        "maxGroup": 4,
        "weight": 20,
        "spawnType": "creature"
      },
      {
        "entity": {
          "value": "EntityFox"
        },
        "minGroup": 4,
        "maxGroup": 4,
        "weight": 20,
        "spawnType": "creature"
      },
      {
        "entity": {
          "value": "EntityCow"
        },
        "minGroup": 4,
        "maxGroup": 4,
        "weight": 20,
        "spawnType": "creature"
      },
      {
        "entity": {
          "value": "EntityPig"
        },
        "minGroup": 4,
        "maxGroup": 4,
        "weight": 20,
        "spawnType": "creature"
      },
      {
        "entity": {
          "value": "EntityCreeper"
        },
        "minGroup": 4,
        "maxGroup": 4,
        "weight": 20,
        "spawnType": "monster"
      },
      {
        "entity": {
          "value": "CUSTOM:Anoob"
        },
        "minGroup": 4,
        "maxGroup": 4,
        "weight": 20,
        "spawnType": "monster"
      },
      {
        "entity": {
          "value": "EntityAxolotl"
        },
        "minGroup": 4,
        "maxGroup": 4,
        "weight": 20,
        "spawnType": "creature"
      }
    ]
  }
}