{
  "_fv": 79,
  "_type": "recipe",
  "definition": {
    "recipeType": "Crafting",
    "recipeRetstackSize": 1,
    "group": "",
    "unlockingItems": [],
    "cookingBookCategory": "MISC",
    "xpReward": 0.0,
    "cookingTime": 200,
    "craftingBookCategory": "MISC",
    "recipeShapeless": true,
    "recipeSlots": [
      {
        "value": "Blocks.CALCITE"
      },
      {
        "value": "Blocks.OBSIDIAN"
      },
      {
        "value": "CUSTOM:Blocklava"
      },
      {
        "value": "Items.DIAMOND_SWORD"
      },
      {
        "value": "Items.NETHERITE_SWORD"
      },
      {
        "value": "Items.GOLDEN_SWORD"
      },
      {
        "value": "Items.IRON_SWORD"
      },
      {
        "value": "Items.STONE_SWORD"
      },
      {
        "value": "Items.WOODEN_SWORD"
      }
    ],
    "recipeReturnStack": {
      "value": "CUSTOM:Swordblock"
    },
    "name": "swordblockres",
    "namespace": "mod"
  }
}