{
  "_fv": 79,
  "_type": "recipe",
  "definition": {
    "recipeType": "Crafting",
    "recipeRetstackSize": 1,
    "group": "",
    "unlockingItems": [],
    "cookingBookCategory": "MISC",
    "xpReward": 0.0,
    "cookingTime": 200,
    "craftingBookCategory": "MISC",
    "recipeShapeless": true,
    "recipeSlots": [
      {
        "value": "CUSTOM:Onedollar"
      },
      {
        "value": "Blocks.REEDS"
      },
      {
        "value": "Blocks.REEDS"
      },
      {
        "value": "Blocks.REEDS"
      },
      {
        "value": "Blocks.DARK_OAK_BUTTON"
      },
      {
        "value": "CUSTOM:Onedollar"
      },
      {
        "value": ""
      },
      {
        "value": ""
      },
      {
        "value": ""
      }
    ],
    "recipeReturnStack": {
      "value": "CUSTOM:Tendollar"
    },
    "name": "tendollarres",
    "namespace": "mod"
  }
}