{
  "_fv": 79,
  "_type": "biome",
  "definition": {
    "name": "TNT",
    "groundBlock": {
      "value": "Blocks.TNT"
    },
    "undergroundBlock": {
      "value": "Blocks.TNT"
    },
    "underwaterBlock": {
      "value": "Blocks.SLIME_BLOCK"
    },
    "airColor": {
      "value": -3342541,
      "falpha": 0.0
    },
    "fogColor": {
      "value": -52429,
      "falpha": 0.0
    },
    "grassColor": {
      "value": -26215,
      "falpha": 0.0
    },
    "foliageColor": {
      "value": -13395712,
      "falpha": 0.0
    },
    "waterColor": {
      "value": -1,
      "falpha": 0.0
    },
    "waterFogColor": {
      "value": -16751002,
      "falpha": 0.0
    },
    "ambientSound": {
      "value": ""
    },
    "additionsSound": {
      "value": ""
    },
    "music": {
      "value": ""
    },
    "moodSound": {
      "value": ""
    },
    "moodSoundDelay": 6000,
    "spawnParticles": false,
    "particleToSpawn": {
      "value": "ASH"
    },
    "particlesProbability": 0.5,
    "rainingPossibility": 0.5,
    "temperature": 0.5,
    "spawnBiome": true,
    "spawnInCaves": false,
    "spawnBiomeNether": false,
    "genTemperature": {
      "min": -0.5,
      "max": 0.5
    },
    "genHumidity": {
      "min": -0.5,
      "max": 0.5
    },
    "genContinentalness": {
      "min": -1.0,
      "max": 1.0
    },
    "genErosion": {
      "min": -0.5,
      "max": 0.5
    },
    "genWeirdness": {
      "min": -1.0,
      "max": 1.0
    },
    "treesPerChunk": 1,
    "vanillaTreeType": "Default",
    "treeType": 1,
    "minHeight": 4,
    "treeStem": {
      "value": "Blocks.WAXED_COPPER_BLOCK"
    },
    "treeBranch": {
      "value": "Blocks.WAXED_OXIDIZED_COPPER"
    },
    "treeVines": {
      "value": "Blocks.DOUBLE_PLANT#2"
    },
    "treeFruits": {
      "value": "Blocks.DOUBLE_PLANT#0"
    },
    "defaultFeatures": [
      "Caves",
      "Ores",
      "FrozenTopLayer"
    ],
    "spawnStronghold": false,
    "spawnMineshaft": false,
    "spawnMineshaftMesa": false,
    "spawnPillagerOutpost": true,
    "villageType": "savanna",
    "spawnWoodlandMansion": true,
    "spawnJungleTemple": false,
    "spawnDesertPyramid": true,
    "spawnSwampHut": false,
    "spawnIgloo": false,
    "spawnOceanMonument": false,
    "spawnShipwreck": true,
    "spawnShipwreckBeached": true,
    "spawnBuriedTreasure": true,
    "oceanRuinType": "WARM",
    "spawnNetherBridge": false,
    "spawnNetherFossil": true,
    "spawnBastionRemnant": false,
    "spawnEndCity": true,
    "spawnRuinedPortal": "OCEAN",
    "spawnEntries": [
      {
        "entity": {
          "value": "EntityArmadillo"
        },
        "minGroup": 4,
        "maxGroup": 4,
        "weight": 20,
        "spawnType": "monster"
      },
      {
        "entity": {
          "value": "CUSTOM:Anoob"
        },
        "minGroup": 4,
        "maxGroup": 4,
        "weight": 20,
        "spawnType": "monster"
      },
      {
        "entity": {
          "value": "EntityBee"
        },
        "minGroup": 4,
        "maxGroup": 4,
        "weight": 20,
        "spawnType": "monster"
      },
      {
        "entity": {
          "value": "EntityBat"
        },
        "minGroup": 4,
        "maxGroup": 4,
        "weight": 20,
        "spawnType": "monster"
      },
      {
        "entity": {
          "value": "EntityChicken"
        },
        "minGroup": 4,
        "maxGroup": 4,
        "weight": 20,
        "spawnType": "monster"
      },
      {
        "entity": {
          "value": "EntityWolf"
        },
        "minGroup": 4,
        "maxGroup": 4,
        "weight": 20,
        "spawnType": "monster"
      },
      {
        "entity": {
          "value": "EntityDragon"
        },
        "minGroup": 4,
        "maxGroup": 4,
        "weight": 20,
        "spawnType": "monster"
      }
    ]
  }
}