{
  "_fv": 79,
  "_type": "recipe",
  "definition": {
    "recipeType": "Crafting",
    "recipeRetstackSize": 1,
    "group": "",
    "unlockingItems": [],
    "cookingBookCategory": "MISC",
    "xpReward": 0.0,
    "cookingTime": 200,
    "craftingBookCategory": "MISC",
    "recipeShapeless": true,
    "recipeSlots": [
      {
        "value": "Blocks.DIAMOND_BLOCK"
      },
      {
        "value": "Blocks.LAPIS_BLOCK"
      },
      {
        "value": "Blocks.DIAMOND_BLOCK"
      },
      {
        "value": "Blocks.DIAMOND_BLOCK"
      },
      {
        "value": "Blocks.WAXED_OXIDIZED_CUT_COPPER_SLAB"
      },
      {
        "value": "Blocks.DIAMOND_BLOCK"
      },
      {
        "value": "Blocks.DIAMOND_BLOCK"
      },
      {
        "value": "Blocks.WAXED_COPPER_BLOCK"
      },
      {
        "value": "Blocks.DIAMOND_BLOCK"
      }
    ],
    "recipeReturnStack": {
      "value": "CUSTOM:Vvstoord"
    },
    "name": "vvstoordres",
    "namespace": "mod"
  }
}