{
  "_fv": 79,
  "_type": "recipe",
  "definition": {
    "recipeType": "Crafting",
    "recipeRetstackSize": 20,
    "group": "",
    "unlockingItems": [],
    "cookingBookCategory": "MISC",
    "xpReward": 0.0,
    "cookingTime": 200,
    "craftingBookCategory": "MISC",
    "recipeShapeless": true,
    "recipeSlots": [
      {
        "value": ""
      },
      {
        "value": "Items.DYE#2"
      },
      {
        "value": ""
      },
      {
        "value": "Blocks.RED_FLOWER#1"
      },
      {
        "value": "Items.PAPER"
      },
      {
        "value": "Blocks.LEAVES#1"
      },
      {
        "value": ""
      },
      {
        "value": "Items.DYE#10"
      },
      {
        "value": ""
      }
    ],
    "recipeReturnStack": {
      "value": "CUSTOM:Dollarbill"
    },
    "name": "dollarbillrecipe",
    "namespace": "mod"
  }
}