{
  "type": "minecraft:crafting_shaped",
  "category": "misc",
  "pattern": [
    "abc",
    "ded",
    "fgh"
  ],
  "key": {
    "a": {
      "item": "minecraft:nether_gold_ore"
    },
    "b": {
      "item": "minecraft:birch_log"
    },
    "c": {
      "item": "ishaan:smile"
    },
    "d": {
      "item": "minecraft:cooked_chicken"
    },
    "e": {
      "item": "minecraft:rabbit_foot"
    },
    "f": {
      "item": "minecraft:cooked_cod"
    },
    "g": {
      "item": "minecraft:nether_quartz_ore"
    },
    "h": {
      "item": "minecraft:deepslate_redstone_ore"
    }
  },
  "result": {
    "item": "ishaan:onedollarblock",
    "count": 64
  }
}