{"stats":{"minecraft:used":{"minecraft:water_bucket":17,"minecraft:chiseled_bookshelf":1,"minecraft:netherite_sword":162,"minecraft:damaged_anvil":2,"minecraft:writable_book":10,"minecraft:flint_and_steel":85,"minecraft:oak_planks":54,"minecraft:ladder":2,"minecraft:oak_sign":4,"minecraft:polished_diorite_slab":59,"minecraft:chest":1,"minecraft:spruce_planks":6,"minecraft:spruce_sign":1,"daniel:window_block":2,"minecraft:sculk_sensor":1,"minecraft:smooth_quartz_stairs":227,"minecraft:oak_door":1,"minecraft:white_wool":30,"daniel:computer":21,"minecraft:torch":62,"daniel:oil_bucket":101,"minecraft:dirt":4,"minecraft:anvil":3,"minecraft:light_blue_concrete":10,"minecraft:tnt":187,"minecraft:crafting_table":4,"minecraft:red_bed":1,"minecraft:white_bed":1,"minecraft:painting":15,"minecraft:gray_concrete":241,"daniel:atm_block":25,"daniel:sus":2,"minecraft:birch_door":10,"daniel:officedoor":26,"minecraft:glass":78,"daniel:rfd_spawn_egg":24,"minecraft:lever":15,"minecraft:black_wool":23,"minecraft:black_concrete":3,"minecraft:bookshelf":17,"minecraft:villager_spawn_egg":17,"minecraft:grass_block":43,"minecraft:string":2,"minecraft:map":4,"minecraft:tropical_fish_spawn_egg":26,"minecraft:polished_andesite_slab":23,"minecraft:yellow_wool":15,"daniel:cityblock":2937,"minecraft:item_frame":24,"minecraft:tripwire_hook":3,"minecraft:glowstone":9,"daniel:ppencil":30,"daniel:chelf":34,"daniel:seet":26,"minecraft:red_carpet":20,"minecraft:cobblestone":2,"minecraft:magma_block":3,"minecraft:oak_sapling":16,"minecraft:stripped_oak_wood":10,"minecraft:glass_pane":2,"minecraft:trapped_chest":4,"minecraft:white_concrete":889,"minecraft:bone_meal":206},"minecraft:crafted":{"daniel:computer":1},"minecraft:dropped":{"daniel:dollerbill":1,"minecraft:smooth_quartz_stairs":1,"minecraft:netherite_sword":1,"daniel:computer":1,"minecraft:name_tag":1,"daniel:thousenddollarbill":7,"minecraft:flint_and_steel":1,"daniel:tendollarbill":1,"daniel:hundreddollarbill":1,"minecraft:bone_meal":1,"daniel:cityblock":1},"minecraft:picked_up":{"minecraft:tripwire_hook":1,"minecraft:oak_stairs":8,"minecraft:pink_wool":1,"minecraft:potato":1,"daniel:tendollarbill":1,"minecraft:oak_log":11,"daniel:thousenddollarbill":7,"minecraft:flint_and_steel":1,"minecraft:name_tag":1,"minecraft:oak_sign":1,"daniel:hundreddollarbill":1,"minecraft:wheat_seeds":2,"minecraft:netherite_sword":1,"minecraft:red_dye":2,"minecraft:smooth_quartz_stairs":1,"minecraft:oak_planks":10,"daniel:computer":1,"minecraft:green_dye":2,"minecraft:oak_slab":1,"minecraft:white_stained_glass_pane":3,"daniel:cityblock":1,"minecraft:oak_fence":5,"minecraft:torch":4,"minecraft:dandelion":2,"minecraft:sand":1,"daniel:dollerbill":1,"minecraft:rotten_flesh":5,"minecraft:diamond":1,"minecraft:tropical_fish":26,"minecraft:blue_dye":2,"minecraft:bone_meal":3,"minecraft:skeleton_skull":1,"minecraft:cobblestone":1,"minecraft:oxeye_daisy":1},"minecraft:killed":{"minecraft:cat":1,"minecraft:zombie_villager":1,"minecraft:iron_golem":1,"minecraft:creeper":1,"minecraft:zombie":3,"minecraft:villager":7},"minecraft:custom":{"minecraft:interact_with_anvil":6,"minecraft:mob_kills":70,"minecraft:interact_with_crafting_table":9,"minecraft:leave_game":43,"minecraft:time_since_death":177654,"minecraft:sleep_in_bed":6,"minecraft:climb_one_cm":220,"minecraft:time_since_rest":100287,"minecraft:sprint_one_cm":12126,"minecraft:damage_taken":480,"minecraft:walk_one_cm":447968,"minecraft:drop":21,"minecraft:damage_dealt":7534,"minecraft:swim_one_cm":820,"minecraft:talked_to_villager":2,"minecraft:fly_one_cm":368144,"minecraft:crouch_one_cm":2,"minecraft:play_time":254417,"minecraft:deaths":2,"minecraft:sneak_time":226,"minecraft:walk_under_water_one_cm":47059,"minecraft:jump":805,"minecraft:walk_on_water_one_cm":6288,"minecraft:total_world_time":257123}},"DataVersion":4189}