{"stats":{"minecraft:killed":{"minecraft:sheep":5,"minecraft:horse":3,"minecraft:trader_llama":4,"minecraft:pig":3,"minecraft:snow_golem":1,"minecraft:wandering_trader":2,"minecraft:villager":8},"minecraft:used":{"minecraft:quartz_bricks":284,"minecraft:birch_door":7,"minecraft:netherite_sword":46,"gabe:city_block":149,"minecraft:water_bucket":1,"minecraft:end_rod":61,"minecraft:sea_lantern":38,"minecraft:quartz_pillar":11,"minecraft:mace":16,"minecraft:villager_spawn_egg":19,"gabe:pathway_block":3555,"minecraft:lantern":43,"minecraft:birch_hanging_sign":2,"minecraft:chest":18,"gabe:atm_block":14,"minecraft:jungle_pressure_plate":1,"minecraft:zombie_spawn_egg":20,"minecraft:smooth_quartz":2034,"minecraft:iron_door":11,"minecraft:pale_oak_door":10,"minecraft:blue_bed":4,"minecraft:snow_golem_spawn_egg":1,"minecraft:smooth_quartz_stairs":220,"minecraft:glow_item_frame":6,"minecraft:torch":29,"minecraft:diamond_block":41,"minecraft:iron_trapdoor":26,"minecraft:scaffolding":65,"minecraft:blue_stained_glass":521,"minecraft:gold_block":70,"minecraft:obsidian":14},"minecraft:custom":{"minecraft:time_since_rest":9661,"minecraft:damage_taken":640,"minecraft:sprint_one_cm":216799,"minecraft:walk_one_cm":479016,"minecraft:mob_kills":26,"minecraft:drop":71,"minecraft:damage_dealt":4751,"minecraft:talked_to_villager":87,"minecraft:fly_one_cm":284415,"minecraft:open_chest":6,"minecraft:crouch_one_cm":4087,"minecraft:play_time":377820,"minecraft:deaths":2,"minecraft:sneak_time":1767,"minecraft:walk_under_water_one_cm":394,"minecraft:jump":459,"minecraft:leave_game":6,"minecraft:walk_on_water_one_cm":1212,"minecraft:time_since_death":59942,"minecraft:sleep_in_bed":25,"minecraft:climb_one_cm":11571,"minecraft:total_world_time":379471},"minecraft:picked_up":{"minecraft:oak_slab":64,"minecraft:scaffolding":4,"minecraft:leather":9,"minecraft:torch":2,"minecraft:lead":3,"minecraft:porkchop":4,"minecraft:blue_bed":1,"minecraft:lantern":1,"minecraft:carved_pumpkin":1,"minecraft:end_rod":4,"minecraft:mutton":2,"minecraft:smooth_quartz_stairs":2,"minecraft:snowball":6,"minecraft:white_wool":2},"minecraft:dropped":{"minecraft:oak_slab":64,"minecraft:zombie_spawn_egg":1,"minecraft:smooth_quartz_stairs":2,"minecraft:carved_pumpkin":1,"minecraft:blue_bed":1,"minecraft:end_rod":5,"minecraft:emerald":1}},"DataVersion":4189}