{
  "has_precipitation": true,
  "temperature": 0.5,
  "downfall": 0.5,
  "effects": {
    "foliage_color": -16737895,
    "grass_color": -65536,
    "sky_color": -3342388,
    "fog_color": -16711936,
    "water_color": -103,
    "water_fog_color": -16777216
  },
  "spawners": {
    "monster": [
      {
        "type": "allay",
        "weight": 1,
        "minCount": 5,
        "maxCount": 6
      },
      {
        "type": "birch_chest_boat",
        "weight": 20,
        "minCount": 4,
        "maxCount": 4
      },
      {
        "type": "armor_stand",
        "weight": 20,
        "minCount": 4,
        "maxCount": 4
      },
      {
        "type": "dylan_:killr",
        "weight": 20,
        "minCount": 4,
        "maxCount": 4
      }
    ],
    "creature": [
      {
        "type": "dylan_:killr",
        "weight": 23,
        "minCount": 4,
        "maxCount": 4
      }
    ],
    "ambient": [],
    "axolotls": [],
    "underground_water_creature": [
      {
        "type": "arrow",
        "weight": 20,
        "minCount": 4,
        "maxCount": 4
      }
    ],
    "water_creature": [],
    "water_ambient": [],
    "misc": []
  },
  "spawn_costs": {},
  "carvers": [
    "minecraft:cave",
    "minecraft:cave_extra_underground",
    "minecraft:canyon"
  ],
  "features": [
    [],
    [
      "minecraft:lake_lava_underground"
    ],
    [],
    [],
    [],
    [],
    [
      "minecraft:ore_coal_upper",
      "minecraft:ore_coal_lower",
      "minecraft:ore_iron_upper",
      "minecraft:ore_iron_middle",
      "minecraft:ore_iron_small",
      "minecraft:ore_gold",
      "minecraft:ore_gold_lower",
      "minecraft:ore_redstone",
      "minecraft:ore_redstone_lower",
      "minecraft:ore_diamond",
      "minecraft:ore_diamond_medium",
      "minecraft:ore_diamond_large",
      "minecraft:ore_diamond_buried",
      "minecraft:ore_lapis",
      "minecraft:ore_lapis_buried",
      "minecraft:ore_copper",
      "minecraft:underwater_magma"
    ],
    [],
    [],
    [
      "dylan_:cep_tree"
    ],
    [
      "minecraft:freeze_top_layer"
    ]
  ]
}