{
  "has_precipitation": true,
  "temperature": 0.5,
  "downfall": 0.5,
  "effects": {
    "foliage_color": -1,
    "grass_color": -3355444,
    "sky_color": -6710887,
    "fog_color": -10066330,
    "water_color": -13421773,
    "water_fog_color": -6710887
  },
  "spawners": {
    "monster": [],
    "creature": [
      {
        "type": "bee",
        "weight": 20,
        "minCount": 4,
        "maxCount": 4
      },
      {
        "type": "bee",
        "weight": 20,
        "minCount": 4,
        "maxCount": 4
      },
      {
        "type": "bee",
        "weight": 20,
        "minCount": 4,
        "maxCount": 4
      },
      {
        "type": "bee",
        "weight": 20,
        "minCount": 4,
        "maxCount": 4
      },
      {
        "type": "bee",
        "weight": 20,
        "minCount": 4,
        "maxCount": 4
      },
      {
        "type": "bee",
        "weight": 20,
        "minCount": 4,
        "maxCount": 4
      },
      {
        "type": "bee",
        "weight": 20,
        "minCount": 4,
        "maxCount": 4
      },
      {
        "type": "bee",
        "weight": 20,
        "minCount": 4,
        "maxCount": 4
      },
      {
        "type": "bee",
        "weight": 20,
        "minCount": 4,
        "maxCount": 4
      },
      {
        "type": "bee",
        "weight": 20,
        "minCount": 4,
        "maxCount": 4
      },
      {
        "type": "bee",
        "weight": 20,
        "minCount": 4,
        "maxCount": 4
      },
      {
        "type": "bee",
        "weight": 20,
        "minCount": 4,
        "maxCount": 4
      },
      {
        "type": "bee",
        "weight": 20,
        "minCount": 4,
        "maxCount": 4
      },
      {
        "type": "bee",
        "weight": 20,
        "minCount": 4,
        "maxCount": 4
      },
      {
        "type": "bee",
        "weight": 20,
        "minCount": 4,
        "maxCount": 4
      },
      {
        "type": "bee",
        "weight": 20,
        "minCount": 4,
        "maxCount": 4
      },
      {
        "type": "bee",
        "weight": 20,
        "minCount": 4,
        "maxCount": 4
      },
      {
        "type": "bee",
        "weight": 20,
        "minCount": 4,
        "maxCount": 4
      }
    ],
    "ambient": [],
    "axolotls": [],
    "underground_water_creature": [],
    "water_creature": [],
    "water_ambient": [],
    "misc": []
  },
  "spawn_costs": {},
  "carvers": [],
  "features": [
    [],
    [],
    [],
    [],
    [],
    [],
    [],
    [],
    [],
    [
      "dylan_:tnt_tree"
    ],
    [
      "minecraft:freeze_top_layer"
    ]
  ]
}