{
  "has_precipitation": true,
  "temperature": 0.5,
  "downfall": 0.5,
  "effects": {
    "foliage_color": -13421569,
    "grass_color": -13421569,
    "sky_color": -13421569,
    "fog_color": -13421569,
    "water_color": -13421569,
    "water_fog_color": -13421569
  },
  "spawners": {
    "monster": [],
    "creature": [],
    "ambient": [],
    "axolotls": [],
    "underground_water_creature": [],
    "water_creature": [],
    "water_ambient": [],
    "misc": []
  },
  "spawn_costs": {},
  "carvers": [],
  "features": [
    [],
    [],
    [],
    [],
    [],
    [],
    [],
    [],
    [],
    [
      "dylan_:wo_tree"
    ],
    [
      "minecraft:freeze_top_layer"
    ]
  ]
}