<project>
  <version>
    70 1 
  </version>
  <folders>
    <folder name="inputs" path="inputs"/>
    <folder name="drawings" path="drawings"/>
    <folder name="scenes" path="scenes"/>
    <folder name="extras" path="extras"/>
    <folder name="outputs" path="outputs"/>
    <folder name="palettes" path="palettes"/>
    <folder name="scripts" path="scripts"/>
    </folders>
  <sceneProperties>
    <outputs>
      <output name="main">
        <range>
          0 -1 
        </range>
        <step>
          1 
        </step>
        <shrink>
          1 
        </shrink>
        <applyShrinkToViewer>
          0 
        </applyShrinkToViewer>
        <fps>
          24 
        </fps>
        <path>
          "+outputs\\.tif"
        </path>
        <bpp>
          32 
        </bpp>
        <multimedia>
          0 
        </multimedia>
        <threadsIndex>
          2 
        </threadsIndex>
        <maxTileSizeIndex>
          0 
        </maxTileSizeIndex>
        <subcameraPrev>
          0 
        </subcameraPrev>
        <stereoscopic>
          0 0.05 
        </stereoscopic>
        <resquality>
          0 
        </resquality>
        <fieldprevalence>
          0 
        </fieldprevalence>
        <gamma>
          1 
        </gamma>
        <timestretch>
          25 25 
        </timestretch>
        <formatsProperties>
          </formatsProperties>
        </output>
      <output name="preview">
        <range>
          0 -1 
        </range>
        <step>
          1 
        </step>
        <shrink>
          1 
        </shrink>
        <applyShrinkToViewer>
          0 
        </applyShrinkToViewer>
        <fps>
          24 
        </fps>
        <path>
          "+outputs\\.tif"
        </path>
        <bpp>
          32 
        </bpp>
        <syncColorSettings>
          1 
        </syncColorSettings>
        <multimedia>
          0 
        </multimedia>
        <threadsIndex>
          2 
        </threadsIndex>
        <maxTileSizeIndex>
          0 
        </maxTileSizeIndex>
        <subcameraPrev>
          0 
        </subcameraPrev>
        <stereoscopic>
          0 0.05 
        </stereoscopic>
        <resquality>
          0 
        </resquality>
        <fieldprevalence>
          0 
        </fieldprevalence>
        <gamma>
          1 
        </gamma>
        <timestretch>
          25 25 
        </timestretch>
        <formatsProperties>
          </formatsProperties>
        </output>
      </outputs>
    <cleanupParameters>
      <cleanupCamera>
        <cameraSize>
          16 9 
        </cameraSize>
        <cameraRes>
          1920 1080 
        </cameraRes>
        <cameraXPrevalence>
          1 
        </cameraXPrevalence>
        <interestRect>
          0 0 -1 -1 
        </interestRect>
        </cleanupCamera>
      <cleanupPalette>
        <version>
          71 0 
        </version>
        <styles>
          <style>
            color_0 3 255 255 255 0 
          </style>
          <style>
            color_1 2002 0 0 0 255 0 0 0 255 0 50 70 10 
          </style>
          </styles>
        <stylepages>
          <page>
            <name>
              colors 
            </name>
            <indices>
              0 1 
            </indices>
            </page>
          </stylepages>
        <shortcuts>
          -1 0 1 -1 -1 -1 -1 -1 -1 -1 
        </shortcuts>
        </cleanupPalette>
      <lineProcessing autoAdjust="0" mode="grey" sharpness="90.000000"/>
      <despeckling value="2"/>
      <aaValue value="70"/>
      <closestField value="999.000000"/>
      <fdg name=""/>
      <altBrightnessContrast>
        0 50 
      </altBrightnessContrast>
      <lpNoneFormat>
        tif 
      </lpNoneFormat>
      </cleanupParameters>
    <scanParameters>
      <paper fmt=""/>
      </scanParameters>
    <vectorizerParameters>
      <version>
        71 0 
      </version>
      <outline>
        0 
      </outline>
      <visibilityBits>
        -1 
      </visibilityBits>
      <Centerline>
        <threshold>
          8 
        </threshold>
        <accuracy>
          9 
        </accuracy>
        <despeckling>
          5 
        </despeckling>
        <maxThickness>
          200 
        </maxThickness>
        <thicknessRatioFirst>
          100 
        </thicknessRatioFirst>
        <thicknessRatioLast>
          100 
        </thicknessRatioLast>
        <makeFrame>
          0 
        </makeFrame>
        <paintFill>
          0 
        </paintFill>
        <alignBoundaryStrokesDirection>
          0 
        </alignBoundaryStrokesDirection>
        <naaSource>
          0 
        </naaSource>
        </Centerline>
      <Outline>
        <despeckling>
          4 
        </despeckling>
        <accuracy>
          8 
        </accuracy>
        <adherence>
          50 
        </adherence>
        <angle>
          45 
        </angle>
        <relative>
          25 
        </relative>
        <maxColors>
          50 
        </maxColors>
        <toneThreshold>
          128 
        </toneThreshold>
        <transparentColor>
          255 255 255 255 
        </transparentColor>
        <paintFill>
          0 
        </paintFill>
        <alignBoundaryStrokesDirection>
          0 
        </alignBoundaryStrokesDirection>
        </Outline>
      </vectorizerParameters>
    <bgColor>
      255 255 255 0 
    </bgColor>
    <markers>
      6 0 
    </markers>
    <subsampling>
      1 1 
    </subsampling>
    <fieldguide>
      16 1.77778 
    </fieldguide>
    <noteColors>
      255 235 140 255 255 160 120 255 255 180 190 255 135 205 250 255 145 240 145 255 130 255 210 255 150 245 255 255 
    </noteColors>
    </sceneProperties>
  </project>
