{"stats":{"minecraft:used":{"minecraft:redstone_torch":51,"minecraft:waxed_oxidized_copper_door":16,"minecraft:waxed_exposed_copper_door":1,"vihaan:windowblock":47,"minecraft:spruce_door":1,"minecraft:bogged_spawn_egg":137,"minecraft:grass_block":8,"minecraft:breeze_spawn_egg":793,"vihaan:atm_block":62,"minecraft:parrot_spawn_egg":133,"minecraft:beacon":23,"minecraft:clay":21,"vihaan:city_block":52,"minecraft:blaze_spawn_egg":28,"vihaan:eweeeeeeeeeeertfweeeeee_spawn_egg":61,"minecraft:dirt":2,"minecraft:acacia_leaves":11,"minecraft:painting":16,"minecraft:allay_spawn_egg":34,"vihaan:ffffffew_we_6_a_spawn_egg":44,"minecraft:deepslate_emerald_ore":97,"minecraft:warden_spawn_egg":30,"vihaan:reter_spawn_egg":44},"minecraft:picked_up":{"minecraft:elder_guardian_spawn_egg":2,"minecraft:blaze_spawn_egg":1,"minecraft:magma_block":1,"minecraft:feather":6,"minecraft:breeze_spawn_egg":1,"minecraft:salmon":7,"minecraft:beacon":1,"minecraft:spruce_door":1,"minecraft:tropical_fish":4,"minecraft:bone":5,"minecraft:arrow":3,"minecraft:clay":1,"minecraft:allay_spawn_egg":3,"minecraft:kelp":4,"minecraft:bow":1,"minecraft:netherite_helmet":1,"minecraft:wheat_seeds":2,"minecraft:guardian_spawn_egg":1,"minecraft:waxed_oxidized_copper_door":1,"minecraft:redstone_torch":8,"minecraft:bogged_spawn_egg":1,"minecraft:parrot_spawn_egg":1,"minecraft:netherite_chestplate":1,"minecraft:cod":2},"minecraft:dropped":{"minecraft:clay":1,"vihaan:atm_block":1,"minecraft:allay_spawn_egg":1,"minecraft:netherite_sword":1,"minecraft:blaze_spawn_egg":1,"minecraft:netherite_chestplate":1,"minecraft:netherite_boots":1,"minecraft:netherite_helmet":1,"minecraft:composter":2,"minecraft:guardian_spawn_egg":1,"minecraft:elder_guardian_spawn_egg":2,"minecraft:bogged_spawn_egg":1,"minecraft:beacon":1,"minecraft:bow":1,"minecraft:magma_block":1,"minecraft:crying_obsidian":1,"minecraft:spruce_door":1,"minecraft:parrot_spawn_egg":1,"minecraft:acacia_leaves":1,"minecraft:flint_and_steel":1,"minecraft:breeze_spawn_egg":1},"minecraft:custom":{"minecraft:time_since_rest":184297,"minecraft:sprint_one_cm":116,"minecraft:walk_one_cm":96346,"minecraft:drop":22,"minecraft:damage_dealt":2911,"minecraft:interact_with_beacon":2,"minecraft:swim_one_cm":545,"minecraft:fly_one_cm":206505,"minecraft:crouch_one_cm":4,"minecraft:play_time":184297,"minecraft:sneak_time":2064,"minecraft:walk_under_water_one_cm":129346,"minecraft:jump":755,"minecraft:leave_game":10,"minecraft:time_since_death":184297,"minecraft:walk_on_water_one_cm":100678,"minecraft:total_world_time":185724}},"DataVersion":4189}