{"stats":{"minecraft:custom":{"minecraft:time_since_rest":67730,"minecraft:sprint_one_cm":181,"minecraft:play_time":67730,"minecraft:walk_one_cm":34236,"minecraft:sneak_time":27,"minecraft:jump":50,"minecraft:leave_game":6,"minecraft:time_since_death":67730,"minecraft:total_world_time":68452,"minecraft:climb_one_cm":2988,"minecraft:fly_one_cm":29584},"minecraft:used":{"minecraft:birch_door":1,"minecraft:oak_log":33,"minecraft:oak_trapdoor":49,"minecraft:torch":7,"minecraft:spruce_door":1,"minecraft:oak_slab":24,"minecraft:jungle_planks":16,"minecraft:oak_planks":112,"minecraft:ladder":6,"minecraft:glass_pane":3,"minecraft:spruce_planks":383,"daniel:atm_block":39,"minecraft:spruce_fence":3,"minecraft:oak_fence_gate":6}},"DataVersion":4189}