{
  "has_precipitation": true,
  "temperature": 0.5,
  "downfall": 0.5,
  "effects": {
    "music": [
      {
        "weight": 1,
        "data": {
          "sound": "entity.dragon_fireball.explode",
          "min_delay": 12000,
          "max_delay": 24000,
          "replace_current_music": true
        }
      }
    ],
    "foliage_color": -3355648,
    "grass_color": -16751002,
    "sky_color": -3407872,
    "fog_color": -16751002,
    "water_color": -16724788,
    "water_fog_color": 329011
  },
  "spawners": {
    "monster": [
      {
        "type": "revanshca:dragon",
        "weight": 20,
        "minCount": 4,
        "maxCount": 4
      }
    ],
    "creature": [],
    "ambient": [],
    "axolotls": [],
    "underground_water_creature": [],
    "water_creature": [],
    "water_ambient": [],
    "misc": []
  },
  "spawn_costs": {},
  "carvers": [
    "minecraft:cave",
    "minecraft:cave_extra_underground",
    "minecraft:canyon"
  ],
  "features": [
    [],
    [
      "minecraft:lake_lava_underground"
    ],
    [],
    [],
    [],
    [],
    [
      "minecraft:ore_coal_upper",
      "minecraft:ore_coal_lower",
      "minecraft:ore_iron_upper",
      "minecraft:ore_iron_middle",
      "minecraft:ore_iron_small",
      "minecraft:ore_gold",
      "minecraft:ore_gold_lower",
      "minecraft:ore_redstone",
      "minecraft:ore_redstone_lower",
      "minecraft:ore_diamond",
      "minecraft:ore_diamond_medium",
      "minecraft:ore_diamond_large",
      "minecraft:ore_diamond_buried",
      "minecraft:ore_lapis",
      "minecraft:ore_lapis_buried",
      "minecraft:ore_copper",
      "minecraft:underwater_magma"
    ],
    [],
    [],
    [
      "revanshca:dragonwoods_tree"
    ],
    [
      "minecraft:freeze_top_layer"
    ]
  ]
}