{
  "_fv": 79,
  "_type": "recipe",
  "definition": {
    "recipeType": "Crafting",
    "recipeRetstackSize": 10,
    "group": "",
    "unlockingItems": [],
    "cookingBookCategory": "MISC",
    "xpReward": 0.0,
    "cookingTime": 200,
    "craftingBookCategory": "MISC",
    "recipeShapeless": false,
    "recipeSlots": [
      {
        "value": "Blocks.DEAD_BRAIN_CORAL_BLOCK"
      },
      {
        "value": "Blocks.TNT"
      },
      {
        "value": "Blocks.CRYING_OBSIDIAN"
      },
      {
        "value": "Blocks.QUARTZ_BLOCK#0"
      },
      {
        "value": "Blocks.CALCITE"
      },
      {
        "value": "Blocks.AMETHYST_CLUSTER"
      },
      {
        "value": "Blocks.DEEPSLATE_BRICKS"
      },
      {
        "value": "Blocks.END_STONE"
      },
      {
        "value": "Blocks.DIAMOND_ORE"
      }
    ],
    "recipeReturnStack": {
      "value": "CUSTOM:EnderBlock"
    },
    "name": "endblock",
    "namespace": "mod"
  }
}