{
  "_fv": 79,
  "_type": "recipe",
  "definition": {
    "recipeType": "Crafting",
    "recipeRetstackSize": 1,
    "group": "",
    "unlockingItems": [],
    "cookingBookCategory": "MISC",
    "xpReward": 0.0,
    "cookingTime": 200,
    "craftingBookCategory": "MISC",
    "recipeShapeless": false,
    "recipeSlots": [
      {
        "value": "Blocks.BUDDING_AMETHYST"
      },
      {
        "value": "Blocks.AMETHYST_BLOCK"
      },
      {
        "value": "Blocks.AMETHYST_CLUSTER"
      },
      {
        "value": ""
      },
      {
        "value": "Blocks.CRYING_OBSIDIAN"
      },
      {
        "value": "Blocks.CRYING_OBSIDIAN"
      },
      {
        "value": ""
      },
      {
        "value": "Blocks.REDSTONE_BLOCK"
      },
      {
        "value": "Blocks.CRYING_OBSIDIAN"
      }
    ],
    "recipeReturnStack": {
      "value": "CUSTOM:Hundreddollar"
    },
    "name": "iugtij",
    "namespace": "mod"
  }
}