{
  "_fv": 79,
  "_type": "recipe",
  "definition": {
    "recipeType": "Crafting",
    "recipeRetstackSize": 1,
    "group": "",
    "unlockingItems": [],
    "cookingBookCategory": "MISC",
    "xpReward": 0.0,
    "cookingTime": 200,
    "craftingBookCategory": "MISC",
    "recipeShapeless": false,
    "recipeSlots": [
      {
        "value": "Blocks.REINFORCED_DEEPSLATE"
      },
      {
        "value": "Blocks.CRYING_OBSIDIAN"
      },
      {
        "value": "Blocks.DEEPSLATE_COAL_ORE"
      },
      {
        "value": "Blocks.DEEPSLATE_BRICKS"
      },
      {
        "value": "Blocks.GOLD_BLOCK"
      },
      {
        "value": "Blocks.AMETHYST_CLUSTER"
      },
      {
        "value": "Blocks.REDSTONE_BLOCK"
      },
      {
        "value": "Blocks.DIAMOND_ORE"
      },
      {
        "value": "Blocks.BLACKSTONE"
      }
    ],
    "recipeReturnStack": {
      "value": "CUSTOM:Higurblock"
    },
    "name": "netheblock",
    "namespace": "mod"
  }
}