{
  "parent": "minecraft:recipes/root",
  "criteria": {
    "has_the_recipe": {
      "conditions": {
        "recipe": "aayansh_workspace:thousand_dollar_recipe"
      },
      "trigger": "minecraft:recipe_unlocked"
    },
    "has_ingredient_0": {
      "conditions": {
        "items": [
          {
            "items": "minecraft:golden_sword"
          }
        ]
      },
      "trigger": "minecraft:inventory_changed"
    },
    "has_ingredient_1": {
      "conditions": {
        "items": [
          {
            "items": "aayansh_workspace:water_block"
          }
        ]
      },
      "trigger": "minecraft:inventory_changed"
    },
    "has_ingredient_2": {
      "conditions": {
        "items": [
          {
            "items": "minecraft:nether_gold_ore"
          }
        ]
      },
      "trigger": "minecraft:inventory_changed"
    },
    "has_ingredient_3": {
      "conditions": {
        "items": [
          {
            "items": "minecraft:phantom_spawn_egg"
          }
        ]
      },
      "trigger": "minecraft:inventory_changed"
    },
    "has_ingredient_4": {
      "conditions": {
        "items": [
          {
            "items": "minecraft:blue_bed"
          }
        ]
      },
      "trigger": "minecraft:inventory_changed"
    },
    "has_ingredient_5": {
      "conditions": {
        "items": [
          {
            "items": "minecraft:dark_oak_sign"
          }
        ]
      },
      "trigger": "minecraft:inventory_changed"
    }
  },
  "requirements": [
    [
      "has_the_recipe",
      "has_ingredient_0",
      "has_ingredient_1",
      "has_ingredient_2",
      "has_ingredient_3",
      "has_ingredient_4",
      "has_ingredient_5"
    ]
  ],
  "rewards": {
    "recipes": [
      "aayansh_workspace:thousand_dollar_recipe"
    ]
  }
}