{
  "has_precipitation": true,
  "temperature": 0.5,
  "downfall": 0.5,
  "effects": {
    "ambient_sound": "ambient.crimson_forest.additions",
    "mood_sound": {
      "sound": "ambient.soul_sand_valley.loop",
      "tick_delay": 6000,
      "offset": 8,
      "block_search_extent": 2
    },
    "additions_sound": {
      "sound": "ambient.basalt_deltas.mood",
      "tick_chance": 0.0111
    },
    "music": [
      {
        "weight": 1,
        "data": {
          "sound": "ambient.nether_wastes.mood",
          "min_delay": 12000,
          "max_delay": 24000,
          "replace_current_music": true
        }
      }
    ],
    "particle": {
      "options": {
        "type": "ash"
      },
      "probability": 0.005
    },
    "foliage_color": 10387789,
    "grass_color": -16764109,
    "sky_color": -16777216,
    "fog_color": -6710887,
    "water_color": -16764058,
    "water_fog_color": -16764109
  },
  "spawners": {
    "monster": [
      {
        "type": "evoker_fangs",
        "weight": 20,
        "minCount": 4,
        "maxCount": 4
      },
      {
        "type": "creeper",
        "weight": 20,
        "minCount": 4,
        "maxCount": 4
      },
      {
        "type": "cave_spider",
        "weight": 20,
        "minCount": 4,
        "maxCount": 4
      },
      {
        "type": "fireball",
        "weight": 20,
        "minCount": 4,
        "maxCount": 4
      },
      {
        "type": "area_effect_cloud",
        "weight": 20,
        "minCount": 4,
        "maxCount": 4
      },
      {
        "type": "phantom",
        "weight": 20,
        "minCount": 4,
        "maxCount": 4
      },
      {
        "type": "zombie",
        "weight": 20,
        "minCount": 4,
        "maxCount": 4
      },
      {
        "type": "zombie_horse",
        "weight": 20,
        "minCount": 4,
        "maxCount": 4
      },
      {
        "type": "skeleton",
        "weight": 20,
        "minCount": 4,
        "maxCount": 4
      },
      {
        "type": "cow",
        "weight": 20,
        "minCount": 4,
        "maxCount": 4
      },
      {
        "type": "sheep",
        "weight": 20,
        "minCount": 4,
        "maxCount": 4
      }
    ],
    "creature": [],
    "ambient": [],
    "axolotls": [],
    "underground_water_creature": [],
    "water_creature": [],
    "water_ambient": [],
    "misc": []
  },
  "spawn_costs": {},
  "carvers": [],
  "features": [
    [],
    [],
    [],
    [],
    [],
    [],
    [],
    [],
    [],
    [
      "icode:darklands_tree"
    ],
    [
      "minecraft:freeze_top_layer"
    ]
  ]
}