{
  "has_precipitation": true,
  "temperature": 0.5,
  "downfall": 0.5,
  "effects": {
    "foliage_color": -3407872,
    "grass_color": -39424,
    "sky_color": -10092544,
    "fog_color": -13434880,
    "water_color": -39424,
    "water_fog_color": -39424
  },
  "spawners": {
    "monster": [
      {
        "type": "blaze",
        "weight": 20,
        "minCount": 4,
        "maxCount": 4
      },
      {
        "type": "lightning_bolt",
        "weight": 20,
        "minCount": 4,
        "maxCount": 4
      },
      {
        "type": "zombified_piglin",
        "weight": 20,
        "minCount": 4,
        "maxCount": 4
      },
      {
        "type": "cave_spider",
        "weight": 20,
        "minCount": 4,
        "maxCount": 4
      },
      {
        "type": "enderman",
        "weight": 20,
        "minCount": 4,
        "maxCount": 4
      }
    ],
    "creature": [],
    "ambient": [],
    "axolotls": [],
    "underground_water_creature": [],
    "water_creature": [],
    "water_ambient": [],
    "misc": []
  },
  "spawn_costs": {},
  "carvers": [],
  "features": [
    [],
    [],
    [],
    [],
    [],
    [],
    [],
    [],
    [],
    [],
    [
      "minecraft:freeze_top_layer"
    ]
  ]
}