{"stats":{"minecraft:picked_up":{"minecraft:feather":2,"minecraft:chicken":2,"minecraft:leather":2,"minecraft:beef":11,"minecraft:oak_planks":2},"minecraft:used":{"minecraft:jungle_wood":20,"minecraft:golden_sword":13,"minecraft:green_terracotta":19,"minecraft:diorite":161,"minecraft:dirt":2,"minecraft:terracotta":232,"minecraft:magma_block":118,"minecraft:crying_obsidian":109,"minecraft:red_wool":182,"minecraft:birch_planks":19,"minecraft:grass_block":59,"minecraft:oak_planks":387,"minecraft:birch_wood":6,"minecraft:birch_log":49,"minecraft:light_blue_terracotta":224,"minecraft:blue_wool":20,"minecraft:waxed_oxidized_copper_bulb":44,"ryan:higurblock":13,"minecraft:stripped_oak_log":34,"minecraft:pearlescent_froglight":77},"minecraft:killed":{"minecraft:chicken":2,"minecraft:cow":6},"minecraft:custom":{"minecraft:time_since_rest":16577,"minecraft:deaths":12,"minecraft:crouch_one_cm":427,"minecraft:sprint_one_cm":724,"minecraft:play_time":258713,"minecraft:damage_taken":3840,"minecraft:walk_one_cm":313761,"minecraft:sneak_time":815,"minecraft:mob_kills":8,"minecraft:drop":2,"minecraft:jump":2342,"minecraft:damage_dealt":730,"minecraft:leave_game":4,"minecraft:time_since_death":16556,"minecraft:total_world_time":272681,"minecraft:fly_one_cm":40943},"minecraft:dropped":{"minecraft:oak_planks":2}},"DataVersion":4189}