{
  "_fv": 79,
  "_type": "recipe",
  "definition": {
    "recipeType": "Crafting",
    "recipeRetstackSize": 1,
    "group": "",
    "unlockingItems": [],
    "cookingBookCategory": "MISC",
    "xpReward": 0.0,
    "cookingTime": 200,
    "craftingBookCategory": "BUILDING",
    "recipeShapeless": false,
    "recipeSlots": [
      {
        "value": "CUSTOM:Fivehundreddollarbill"
      },
      {
        "value": "Blocks.DIAMOND_BLOCK"
      },
      {
        "value": "Blocks.STONE#6"
      },
      {
        "value": "Blocks.STONE#6"
      },
      {
        "value": "Blocks.STONE#6"
      },
      {
        "value": "Blocks.GLASS"
      },
      {
        "value": "Blocks.LOG2#1"
      },
      {
        "value": "Blocks.LOG2#1"
      },
      {
        "value": "Blocks.LOG2#1"
      }
    ],
    "recipeReturnStack": {
      "value": "CUSTOM:City"
    },
    "name": "dfdf",
    "namespace": "mod"
  }
}