{
  "_fv": 79,
  "_type": "recipe",
  "definition": {
    "recipeType": "Crafting",
    "recipeRetstackSize": 5,
    "group": "",
    "unlockingItems": [],
    "cookingBookCategory": "MISC",
    "xpReward": 0.0,
    "cookingTime": 200,
    "craftingBookCategory": "EQUIPMENT",
    "recipeShapeless": false,
    "recipeSlots": [
      {
        "value": "Blocks.DIAMOND_BLOCK"
      },
      {
        "value": "Items.DYE#12"
      },
      {
        "value": "Items.DYE#12"
      },
      {
        "value": "Items.DYE#12"
      },
      {
        "value": "Items.DYE#12"
      },
      {
        "value": "Items.DYE#16"
      },
      {
        "value": "Items.DYE#18"
      },
      {
        "value": "Items.PAPER"
      },
      {
        "value": "Items.PAPER"
      }
    ],
    "recipeReturnStack": {
      "value": "CUSTOM:Fivehundreddollarbill"
    },
    "name": "five_hundred_dollar",
    "namespace": "mod"
  }
}