{
  "_fv": 79,
  "_type": "recipe",
  "definition": {
    "recipeType": "Crafting",
    "recipeRetstackSize": 1,
    "group": "",
    "unlockingItems": [],
    "cookingBookCategory": "MISC",
    "xpReward": 0.0,
    "cookingTime": 200,
    "craftingBookCategory": "BUILDING",
    "recipeShapeless": false,
    "recipeSlots": [
      {
        "value": ""
      },
      {
        "value": "Blocks.STAINED_GLASS_PANE#9"
      },
      {
        "value": ""
      },
      {
        "value": "Items.NETHERITE_INGOT"
      },
      {
        "value": "Items.NETHER_STAR"
      },
      {
        "value": "Items.GOLD_INGOT"
      },
      {
        "value": "Items.EMERALD"
      },
      {
        "value": "Items.REDSTONE"
      },
      {
        "value": "Items.DIAMOND"
      }
    ],
    "recipeReturnStack": {
      "value": "CUSTOM:Hundreddollar"
    },
    "name": "fgh",
    "namespace": "mod"
  }
}