{
  "_fv": 79,
  "_type": "recipe",
  "definition": {
    "recipeType": "Crafting",
    "recipeRetstackSize": 1,
    "group": "",
    "unlockingItems": [],
    "cookingBookCategory": "MISC",
    "xpReward": 0.0,
    "cookingTime": 200,
    "craftingBookCategory": "MISC",
    "recipeShapeless": false,
    "recipeSlots": [
      {
        "value": "CUSTOM:Firestrike"
      },
      {
        "value": "Blocks.ROOTED_DIRT"
      },
      {
        "value": "Blocks.LARGE_AMETHYST_BUD"
      },
      {
        "value": "Blocks.SMOOTH_STONE"
      },
      {
        "value": "Blocks.EMERALD_ORE"
      },
      {
        "value": "Blocks.QUARTZ_ORE"
      },
      {
        "value": "Blocks.SMALL_AMETHYST_BUD"
      },
      {
        "value": "Blocks.AMETHYST_BLOCK"
      },
      {
        "value": "Blocks.NETHER_GOLD_ORE"
      }
    ],
    "recipeReturnStack": {
      "value": "CUSTOM:Hundredmoney"
    },
    "name": "hundreddollarbill",
    "namespace": "mod"
  }
}