{
  "_fv": 79,
  "_type": "gui",
  "definition": {
    "type": 1,
    "width": 176,
    "height": 166,
    "inventoryOffsetX": 0,
    "inventoryOffsetY": 0,
    "renderBgLayer": true,
    "doesPauseGame": false,
    "components": [
      {
        "type": "inputslot",
        "data": {
          "inputLimit": {
            "value": ""
          },
          "disablePlacement": {
            "fixedValue": false
          },
          "id": 0,
          "disablePickup": {
            "fixedValue": false
          },
          "dropItemsWhenNotBound": true,
          "x": 150,
          "y": 89,
          "locked": false
        }
      },
      {
        "type": "outputslot",
        "data": {
          "id": 1,
          "disablePickup": {
            "fixedValue": false
          },
          "dropItemsWhenNotBound": true,
          "x": 258,
          "y": 89,
          "locked": false
        }
      },
      {
        "type": "button",
        "data": {
          "name": "button_exchange",
          "text": "EXCHANGE",
          "isUndecorated": false,
          "onClick": {
            "name": "ATMProcedure"
          },
          "width": 67,
          "height": 20,
          "x": 177,
          "y": 89,
          "locked": false
        }
      },
      {
        "type": "label",
        "data": {
          "name": "label_atm",
          "text": {
            "fixedValue": "ATM"
          },
          "color": {
            "value": -16777216,
            "falpha": 0.0
          },
          "x": 204,
          "y": 44,
          "locked": false
        }
      },
      {
        "type": "label",
        "data": {
          "name": "label_output",
          "text": {
            "fixedValue": "OUTPUT"
          },
          "color": {
            "value": -16777216,
            "falpha": 0.0
          },
          "x": 249,
          "y": 71,
          "locked": false
        }
      },
      {
        "type": "label",
        "data": {
          "name": "label_input",
          "text": {
            "fixedValue": "INPUT"
          },
          "color": {
            "value": -16777216,
            "falpha": 0.0
          },
          "x": 150,
          "y": 71,
          "locked": false
        }
      }
    ],
    "gridSettings": {
      "sx": 18,
      "sy": 18,
      "ox": 11,
      "oy": 15,
      "snapOnGrid": true
    }
  }
}