{
  "_fv": 79,
  "_type": "recipe",
  "definition": {
    "recipeType": "Crafting",
    "recipeRetstackSize": 1,
    "group": "",
    "unlockingItems": [],
    "cookingBookCategory": "MISC",
    "xpReward": 0.0,
    "cookingTime": 200,
    "craftingBookCategory": "MISC",
    "recipeShapeless": true,
    "recipeSlots": [
      {
        "value": "Blocks.EMERALD_ORE"
      },
      {
        "value": "Blocks.EMERALD_ORE"
      },
      {
        "value": ""
      },
      {
        "value": "Items.PAPER"
      },
      {
        "value": "Items.PAPER"
      },
      {
        "value": ""
      },
      {
        "value": "Items.LEATHER"
      },
      {
        "value": "Items.LEATHER"
      },
      {
        "value": ""
      }
    ],
    "recipeReturnStack": {
      "value": "CUSTOM:Onedollar"
    },
    "name": "dollar_bill_recipe",
    "namespace": "mod"
  }
}