{
  "_fv": 79,
  "_type": "recipe",
  "definition": {
    "recipeType": "Crafting",
    "recipeRetstackSize": 1,
    "group": "",
    "unlockingItems": [],
    "cookingBookCategory": "MISC",
    "xpReward": 0.0,
    "cookingTime": 200,
    "craftingBookCategory": "MISC",
    "recipeShapeless": true,
    "recipeSlots": [
      {
        "value": "Blocks.COAL_ORE"
      },
      {
        "value": "Blocks.IRON_ORE"
      },
      {
        "value": "Blocks.CHISELED_BOOKSHELF"
      },
      {
        "value": ""
      },
      {
        "value": "Blocks.REDSTONE_ORE"
      },
      {
        "value": ""
      },
      {
        "value": "Blocks.CRYING_OBSIDIAN"
      },
      {
        "value": "Blocks.WARPED_HYPHAE"
      },
      {
        "value": "Blocks.DIAMOND_ORE"
      }
    ],
    "recipeReturnStack": {
      "value": "CUSTOM:Onedollar"
    },
    "name": "doller_bill_recipe",
    "namespace": "mod"
  }
}