{
  "has_precipitation": true,
  "temperature": 0.5,
  "downfall": 0.5,
  "effects": {
    "ambient_sound": "ambient.crimson_forest.loop",
    "mood_sound": {
      "sound": "ambient.soul_sand_valley.mood",
      "tick_delay": 6300,
      "offset": 8,
      "block_search_extent": 2
    },
    "music": [
      {
        "weight": 1,
        "data": {
          "sound": "ambient.cave",
          "min_delay": 12000,
          "max_delay": 24000,
          "replace_current_music": true
        }
      }
    ],
    "particle": {
      "options": {
        "type": "dragon_breath"
      },
      "probability": 0.003
    },
    "foliage_color": 10387789,
    "grass_color": -16711732,
    "sky_color": 7972607,
    "fog_color": -16738048,
    "water_color": -13434880,
    "water_fog_color": -10092442
  },
  "spawners": {
    "monster": [
      {
        "type": "liam:dragen",
        "weight": 20,
        "minCount": 5,
        "maxCount": 5
      }
    ],
    "creature": [],
    "ambient": [],
    "axolotls": [],
    "underground_water_creature": [],
    "water_creature": [],
    "water_ambient": [],
    "misc": []
  },
  "spawn_costs": {},
  "carvers": [
    "minecraft:cave",
    "minecraft:cave_extra_underground",
    "minecraft:canyon"
  ],
  "features": [
    [],
    [
      "minecraft:lake_lava_underground"
    ],
    [],
    [],
    [],
    [],
    [
      "minecraft:ore_coal_upper",
      "minecraft:ore_coal_lower",
      "minecraft:ore_iron_upper",
      "minecraft:ore_iron_middle",
      "minecraft:ore_iron_small",
      "minecraft:ore_gold",
      "minecraft:ore_gold_lower",
      "minecraft:ore_redstone",
      "minecraft:ore_redstone_lower",
      "minecraft:ore_diamond",
      "minecraft:ore_diamond_medium",
      "minecraft:ore_diamond_large",
      "minecraft:ore_diamond_buried",
      "minecraft:ore_lapis",
      "minecraft:ore_lapis_buried",
      "minecraft:ore_copper",
      "minecraft:underwater_magma"
    ],
    [],
    [],
    [
      "liam:darkness_tree",
      "minecraft:lush_caves_ceiling_vegetation",
      "minecraft:cave_vines",
      "minecraft:lush_caves_clay",
      "minecraft:lush_caves_vegetation",
      "minecraft:rooted_azalea_tree",
      "minecraft:spore_blossom",
      "minecraft:classic_vines_cave_feature"
    ],
    [
      "minecraft:freeze_top_layer"
    ]
  ]
}