{"stats":{"minecraft:used":{"minecraft:trident":252,"minecraft:water_bucket":36,"minecraft:lodestone":307,"minecraft:flint_and_steel":36,"minecraft:iron_golem_spawn_egg":12,"minecraft:ender_pearl":30,"minecraft:redstone_block":14,"vihaan:city_block":1460,"minecraft:composter":14,"minecraft:stonecutter":1,"minecraft:diamond_axe":38,"minecraft:white_wool":94,"minecraft:soul_campfire":3,"minecraft:sand":100,"minecraft:golden_hoe":16,"minecraft:white_bed":2,"minecraft:camel_spawn_egg":2,"minecraft:painting":7,"minecraft:spruce_log":23,"vihaan:pathway_block":440,"minecraft:milk_bucket":8,"vihaan:reter_spawn_egg":12,"minecraft:birch_door":3,"minecraft:waxed_exposed_copper_door":2,"minecraft:lava_bucket":94,"minecraft:netherite_shovel":41,"minecraft:mace":4,"minecraft:crying_obsidian":104,"minecraft:slime_block":93,"minecraft:spawner":3,"minecraft:netherite_axe":3,"vihaan:atm_block":13,"minecraft:netherite_hoe":3,"minecraft:oak_pressure_plate":18,"minecraft:iron_door":7,"vihaan:eweeeeeeeeeeertfweeeeee_spawn_egg":1,"minecraft:blaze_spawn_egg":7,"minecraft:fire_charge":40,"minecraft:soul_lantern":26,"minecraft:chiseled_stone_bricks":23,"minecraft:evoker_spawn_egg":22,"minecraft:tripwire_hook":13,"minecraft:glowstone":129,"minecraft:scaffolding":6,"minecraft:white_banner":29,"minecraft:grindstone":1,"minecraft:polished_diorite_stairs":5,"minecraft:chain":28,"minecraft:glass_pane":9,"minecraft:waxed_oxidized_copper_bulb":1,"vihaan:ffffffew_we_6_a_spawn_egg":13,"minecraft:powder_snow_bucket":19,"minecraft:jukebox":3,"minecraft:stripped_spruce_wood":6},"minecraft:dropped":{"minecraft:evoker_spawn_egg":2,"minecraft:diamond_axe":2,"minecraft:soul_lantern":1,"minecraft:netherite_axe":1,"minecraft:iron_boots":1,"minecraft:dolphin_spawn_egg":1,"minecraft:camel_spawn_egg":1,"minecraft:glass_pane":1,"minecraft:lava_bucket":2,"vihaan:pathway_block":1,"minecraft:trident":4,"minecraft:torch":2,"minecraft:glowstone":1,"minecraft:blaze_spawn_egg":1,"minecraft:iron_door":1,"minecraft:chain":1,"minecraft:amethyst_shard":1,"minecraft:axolotl_bucket":1,"minecraft:crying_obsidian":2,"vihaan:city_block":5,"minecraft:hoglin_spawn_egg":1,"minecraft:redstone_block":1},"minecraft:killed":{"minecraft:pig":1,"vihaan:ffffffew_we_6_a":2,"minecraft:spider":7,"minecraft:slime":102,"minecraft:creeper":2,"minecraft:sheep":1,"minecraft:skeleton":1,"minecraft:zombie":8,"minecraft:enderman":1,"minecraft:cow":1},"minecraft:picked_up":{"minecraft:blaze_spawn_egg":1,"minecraft:birch_door":1,"minecraft:iron_chestplate":1,"minecraft:dolphin_spawn_egg":1,"minecraft:ominous_bottle":1,"minecraft:redstone_block":1,"minecraft:iron_door":2,"minecraft:tripwire_hook":2,"minecraft:potato":1,"vihaan:pathway_block":1,"minecraft:string":6,"minecraft:white_banner":5,"minecraft:iron_leggings":1,"minecraft:bone":5,"minecraft:glass_pane":1,"minecraft:apple":5,"minecraft:wheat_seeds":2,"minecraft:iron_ingot":3,"minecraft:beef":2,"minecraft:iron_sword":2,"minecraft:iron_boots":1,"minecraft:egg":2,"minecraft:hoglin_spawn_egg":1,"vihaan:city_block":4,"minecraft:oak_door":1,"minecraft:dandelion":1,"minecraft:torch":4,"minecraft:axolotl_bucket":1,"minecraft:lava_bucket":2,"minecraft:porkchop":2,"minecraft:carrot":2,"minecraft:trident":4,"minecraft:crying_obsidian":1,"minecraft:spider_eye":1,"minecraft:camel_spawn_egg":1,"minecraft:evoker_spawn_egg":2,"minecraft:arrow":3,"minecraft:rotten_flesh":12,"minecraft:slime_ball":85,"minecraft:soul_lantern":11,"minecraft:diamond_axe":2,"minecraft:glowstone":1,"minecraft:saddle":1,"minecraft:mutton":2,"minecraft:waxed_exposed_copper_door":1,"minecraft:obsidian":6,"minecraft:white_wool":1,"minecraft:ender_pearl":1},"minecraft:custom":{"minecraft:mob_kills":130,"minecraft:interact_with_stonecutter":1,"minecraft:leave_game":5,"minecraft:time_since_death":23083,"minecraft:sleep_in_bed":1,"minecraft:climb_one_cm":66,"minecraft:time_since_rest":23118,"minecraft:sprint_one_cm":9284,"minecraft:damage_taken":4080,"minecraft:walk_one_cm":788964,"minecraft:drop":33,"minecraft:damage_dealt":8452,"minecraft:fly_one_cm":92256,"minecraft:crouch_one_cm":3,"minecraft:play_time":439852,"minecraft:deaths":17,"minecraft:sneak_time":659,"minecraft:walk_under_water_one_cm":822,"minecraft:jump":1101,"minecraft:walk_on_water_one_cm":24725,"minecraft:total_world_time":440692}},"DataVersion":4189}