{
  "_fv": 79,
  "_type": "biome",
  "definition": {
    "name": "Zombiewoods",
    "groundBlock": {
      "value": "Blocks.GRASS"
    },
    "undergroundBlock": {
      "value": "Blocks.DIRT#0"
    },
    "underwaterBlock": {
      "value": "Blocks.GRAVEL"
    },
    "airColor": {
      "value": -10027213,
      "falpha": 0.0
    },
    "fogColor": {
      "value": -52429,
      "falpha": 0.0
    },
    "grassColor": {
      "value": -16777216,
      "falpha": 0.0
    },
    "foliageColor": {
      "value": -13421569,
      "falpha": 0.0
    },
    "waterColor": {
      "value": -205,
      "falpha": 0.0
    },
    "waterFogColor": {
      "value": -1,
      "falpha": 0.0
    },
    "ambientSound": {
      "value": "ambient.basalt_deltas.additions"
    },
    "additionsSound": {
      "value": "ambient.crimson_forest.loop"
    },
    "music": {
      "value": "ambient.soul_sand_valley.mood"
    },
    "moodSound": {
      "value": "ambient.underwater.loop.additions.rare"
    },
    "moodSoundDelay": 6000,
    "spawnParticles": true,
    "particleToSpawn": {
      "value": "ASH"
    },
    "particlesProbability": 0.5,
    "rainingPossibility": 0.5,
    "temperature": 0.5,
    "spawnBiome": true,
    "spawnInCaves": false,
    "spawnBiomeNether": false,
    "genTemperature": {
      "min": -0.5,
      "max": 0.5
    },
    "genHumidity": {
      "min": -0.5,
      "max": 0.5
    },
    "genContinentalness": {
      "min": 0.3,
      "max": 1.0
    },
    "genErosion": {
      "min": -0.5,
      "max": 0.5
    },
    "genWeirdness": {
      "min": -1.0,
      "max": 1.0
    },
    "treesPerChunk": 1,
    "vanillaTreeType": "Mega pine trees",
    "treeType": 0,
    "minHeight": 7,
    "treeStem": {
      "value": ""
    },
    "treeBranch": {
      "value": ""
    },
    "treeVines": {
      "value": ""
    },
    "treeFruits": {
      "value": ""
    },
    "defaultFeatures": [
      "Caves",
      "Ores",
      "FrozenTopLayer"
    ],
    "spawnStronghold": true,
    "spawnMineshaft": true,
    "spawnMineshaftMesa": true,
    "spawnPillagerOutpost": true,
    "villageType": "snowy",
    "spawnWoodlandMansion": true,
    "spawnJungleTemple": true,
    "spawnDesertPyramid": true,
    "spawnSwampHut": true,
    "spawnIgloo": true,
    "spawnOceanMonument": true,
    "spawnShipwreck": true,
    "spawnShipwreckBeached": true,
    "spawnBuriedTreasure": true,
    "oceanRuinType": "WARM",
    "spawnNetherBridge": true,
    "spawnNetherFossil": true,
    "spawnBastionRemnant": true,
    "spawnEndCity": true,
    "spawnRuinedPortal": "OCEAN",
    "spawnEntries": [
      {
        "entity": {
          "value": "EntityAcaciaChestBoat"
        },
        "minGroup": 4,
        "maxGroup": 4,
        "weight": 20,
        "spawnType": "monster"
      }
    ]
  }
}