{
  "_fv": 79,
  "_type": "biome",
  "definition": {
    "name": "Darklands",
    "groundBlock": {
      "value": "Blocks.GRASS"
    },
    "undergroundBlock": {
      "value": "Blocks.DIRT#0"
    },
    "underwaterBlock": {
      "value": "Blocks.GRAVEL"
    },
    "airColor": {
      "value": -16777216,
      "falpha": 0.0
    },
    "fogColor": {
      "value": -6710887,
      "falpha": 0.0
    },
    "grassColor": {
      "value": -16764109,
      "falpha": 0.0
    },
    "waterColor": {
      "value": -16764058,
      "falpha": 0.0
    },
    "waterFogColor": {
      "value": -16764109,
      "falpha": 0.0
    },
    "ambientSound": {
      "value": "ambient.crimson_forest.additions"
    },
    "additionsSound": {
      "value": "ambient.basalt_deltas.mood"
    },
    "music": {
      "value": "ambient.nether_wastes.mood"
    },
    "moodSound": {
      "value": "ambient.soul_sand_valley.loop"
    },
    "moodSoundDelay": 6000,
    "spawnParticles": true,
    "particleToSpawn": {
      "value": "ASH"
    },
    "particlesProbability": 0.5,
    "rainingPossibility": 0.5,
    "temperature": 0.5,
    "spawnBiome": true,
    "spawnInCaves": true,
    "spawnBiomeNether": true,
    "genTemperature": {
      "min": -0.5,
      "max": 0.5
    },
    "genHumidity": {
      "min": -0.5,
      "max": 0.5
    },
    "genContinentalness": {
      "min": 0.3,
      "max": 1.0
    },
    "genErosion": {
      "min": -0.5,
      "max": 0.5
    },
    "genWeirdness": {
      "min": -1.0,
      "max": 1.0
    },
    "treesPerChunk": 7,
    "vanillaTreeType": "Mega spruce trees",
    "treeType": 0,
    "minHeight": 7,
    "treeStem": {
      "value": ""
    },
    "treeBranch": {
      "value": ""
    },
    "treeVines": {
      "value": ""
    },
    "treeFruits": {
      "value": ""
    },
    "defaultFeatures": [
      "Caves",
      "Ores",
      "FrozenTopLayer"
    ],
    "spawnStronghold": true,
    "spawnMineshaft": true,
    "spawnMineshaftMesa": true,
    "spawnPillagerOutpost": true,
    "villageType": "taiga",
    "spawnWoodlandMansion": true,
    "spawnJungleTemple": true,
    "spawnDesertPyramid": true,
    "spawnSwampHut": true,
    "spawnIgloo": true,
    "spawnOceanMonument": true,
    "spawnShipwreck": true,
    "spawnShipwreckBeached": true,
    "spawnBuriedTreasure": true,
    "oceanRuinType": "WARM",
    "spawnNetherBridge": true,
    "spawnNetherFossil": true,
    "spawnBastionRemnant": true,
    "spawnEndCity": true,
    "spawnRuinedPortal": "NETHER",
    "spawnEntries": [
      {
        "entity": {
          "value": "EntityEvokerFangs"
        },
        "minGroup": 4,
        "maxGroup": 4,
        "weight": 20,
        "spawnType": "monster"
      },
      {
        "entity": {
          "value": "EntityCreeper"
        },
        "minGroup": 4,
        "maxGroup": 4,
        "weight": 20,
        "spawnType": "monster"
      },
      {
        "entity": {
          "value": "EntityCaveSpider"
        },
        "minGroup": 4,
        "maxGroup": 4,
        "weight": 20,
        "spawnType": "monster"
      },
      {
        "entity": {
          "value": "EntityFireball"
        },
        "minGroup": 4,
        "maxGroup": 4,
        "weight": 20,
        "spawnType": "monster"
      },
      {
        "entity": {
          "value": "EntityAreaEffectCloud"
        },
        "minGroup": 4,
        "maxGroup": 4,
        "weight": 20,
        "spawnType": "monster"
      },
      {
        "entity": {
          "value": "EntityPhantom"
        },
        "minGroup": 4,
        "maxGroup": 4,
        "weight": 20,
        "spawnType": "monster"
      },
      {
        "entity": {
          "value": "EntityZombie"
        },
        "minGroup": 4,
        "maxGroup": 4,
        "weight": 20,
        "spawnType": "monster"
      },
      {
        "entity": {
          "value": "EntityZombieHorse"
        },
        "minGroup": 4,
        "maxGroup": 4,
        "weight": 20,
        "spawnType": "monster"
      },
      {
        "entity": {
          "value": "EntitySkeleton"
        },
        "minGroup": 4,
        "maxGroup": 4,
        "weight": 20,
        "spawnType": "monster"
      },
      {
        "entity": {
          "value": "EntityCow"
        },
        "minGroup": 4,
        "maxGroup": 4,
        "weight": 20,
        "spawnType": "monster"
      },
      {
        "entity": {
          "value": "EntitySheep"
        },
        "minGroup": 4,
        "maxGroup": 4,
        "weight": 20,
        "spawnType": "monster"
      }
    ]
  }
}