{
  "_fv": 60,
  "_type": "recipe",
  "definition": {
    "recipeType": "Crafting",
    "recipeRetstackSize": 3,
    "group": "",
    "cookingBookCategory": "MISC",
    "xpReward": 0.0,
    "cookingTime": 200,
    "craftingBookCategory": "MISC",
    "recipeShapeless": false,
    "recipeSlots": [
      {
        "value": "Items.PAPER"
      },
      {
        "value": "Items.PAPER"
      },
      {
        "value": "Items.PAPER"
      },
      {
        "value": "Items.LEATHER"
      },
      {
        "value": "Items.LEATHER"
      },
      {
        "value": "Items.LEATHER"
      },
      {
        "value": "Items.DYE#2"
      },
      {
        "value": "Items.DYE#16"
      },
      {
        "value": "Items.DYE#2"
      }
    ],
    "recipeReturnStack": {
      "value": "CUSTOM:OD"
    },
    "name": "bvnt",
    "namespace": "mod"
  }
}