{"stats":{"minecraft:killed":{"minecraft:pig":4,"minecraft:salmon":30,"minecraft:spider":3,"minecraft:iron_golem":20,"minecraft:creeper":10,"minecraft:squid":9,"minecraft:skeleton":3,"minecraft:sheep":2,"minecraft:mule":1,"minecraft:pillager":107,"minecraft:zombie":5,"minecraft:chicken":1,"minecraft:drowned":1,"minecraft:glow_squid":3,"minecraft:villager":25,"minecraft:cow":2},"minecraft:used":{"minecraft:oak_fence":15,"minecraft:netherite_sword":719,"minecraft:cow_spawn_egg":5,"minecraft:spruce_door":5,"minecraft:flint_and_steel":94,"gabe:pathway_block":1,"minecraft:iron_golem_spawn_egg":77,"gabe:atm_block":9,"minecraft:chest":5,"minecraft:pale_oak_fence":9,"minecraft:fox_spawn_egg":45,"minecraft:zombie_spawn_egg":137,"minecraft:blue_bed":1,"minecraft:pale_oak_door":4,"minecraft:bee_spawn_egg":12,"minecraft:anvil":7,"minecraft:tnt":257,"minecraft:crafting_table":2,"minecraft:white_bed":28,"minecraft:crossbow":26,"minecraft:mule_spawn_egg":2,"minecraft:glow_squid_spawn_egg":6,"gabe:city_block":712,"minecraft:hoglin_spawn_egg":3,"minecraft:villager_spawn_egg":66,"gabe:window_block":65,"minecraft:lantern":11,"minecraft:grass_block":7,"minecraft:netherite_axe":3,"minecraft:chicken_spawn_egg":18,"minecraft:smooth_quartz":205,"minecraft:beef":1,"minecraft:bow":49,"minecraft:ominous_bottle":5,"minecraft:porkchop":1,"minecraft:birch_log":1,"minecraft:coarse_dirt":4,"minecraft:pillager_spawn_egg":783,"minecraft:bone_meal":2,"minecraft:cooked_mutton":2},"minecraft:custom":{"minecraft:mob_kills":285,"minecraft:interact_with_anvil":9,"minecraft:animals_bred":19,"minecraft:interact_with_crafting_table":1,"minecraft:raid_trigger":1,"minecraft:leave_game":17,"minecraft:time_since_death":286848,"minecraft:sleep_in_bed":15,"minecraft:time_since_rest":12376,"minecraft:sprint_one_cm":2837,"minecraft:walk_one_cm":330432,"minecraft:drop":118,"minecraft:damage_dealt":54582,"minecraft:talked_to_villager":10,"minecraft:fly_one_cm":588174,"minecraft:open_chest":22,"minecraft:crouch_one_cm":803,"minecraft:play_time":286848,"minecraft:sneak_time":286,"minecraft:walk_under_water_one_cm":47574,"minecraft:jump":707,"minecraft:walk_on_water_one_cm":42008,"minecraft:total_world_time":290181},"minecraft:picked_up":{"minecraft:birch_log":32,"minecraft:netherite_boots":1,"minecraft:coarse_dirt":1,"gabe:atm_block":1,"minecraft:ominous_bottle":13,"minecraft:anvil":2,"minecraft:glow_ink_sac":13,"minecraft:brown_wool":2,"minecraft:leather":6,"minecraft:bee_spawn_egg":1,"minecraft:enchanted_book":1,"minecraft:golden_shovel":1,"minecraft:golden_boots":1,"minecraft:gunpowder":9,"minecraft:string":4,"minecraft:blue_bed":1,"minecraft:lantern":1,"minecraft:white_banner":17,"minecraft:cooked_salmon":6,"minecraft:flint_and_steel":3,"minecraft:cooked_mutton":2,"minecraft:bone":2,"minecraft:wheat_seeds":5,"minecraft:netherite_sword":2,"minecraft:iron_golem_spawn_egg":1,"minecraft:iron_ingot":82,"minecraft:beef":7,"minecraft:rose_bush":2,"minecraft:iron_nugget":36,"minecraft:poppy":38,"minecraft:smooth_quartz":64,"minecraft:chest":2,"gabe:city_block":33,"minecraft:egg":54,"minecraft:hoglin_spawn_egg":1,"minecraft:tipped_arrow":1,"minecraft:stick":4,"minecraft:oak_fence":1,"minecraft:snow_block":4,"minecraft:porkchop":4,"minecraft:ink_sac":12,"minecraft:spruce_door":1,"minecraft:tnt":1,"minecraft:firework_rocket":2,"gabe:dollar_bill":1,"minecraft:rotten_flesh":23,"minecraft:tropical_fish":2,"minecraft:crossbow":12,"minecraft:pale_oak_door":1,"minecraft:cobblestone":12},"minecraft:crafted":{"gabe:dollar_bill":1},"minecraft:dropped":{"minecraft:snow_block":8,"minecraft:enchanted_book":2,"minecraft:golden_boots":1,"minecraft:iron_ingot":36,"minecraft:wheat_seeds":5,"minecraft:ominous_bottle":12,"minecraft:iron_nugget":36,"minecraft:coarse_dirt":2,"minecraft:glow_ink_sac":6,"minecraft:netherite_sword":2,"minecraft:iron_golem_spawn_egg":1,"gabe:city_block":1,"gabe:dollar_bill":1,"minecraft:oak_fence":2,"minecraft:crossbow":10,"minecraft:cobblestone":12,"minecraft:rotten_flesh":7,"minecraft:spruce_door":2,"minecraft:tropical_fish":2,"minecraft:chicken_spawn_egg":1,"minecraft:flint_and_steel":2,"minecraft:stick":4,"minecraft:poppy":23,"minecraft:bee_spawn_egg":2,"minecraft:ink_sac":12,"minecraft:rose_bush":2,"minecraft:smooth_quartz":64,"minecraft:brown_wool":2,"minecraft:netherite_boots":1,"minecraft:white_banner":17,"minecraft:string":3,"minecraft:birch_log":32,"minecraft:bone":1,"minecraft:egg":5,"minecraft:firework_rocket":3}},"DataVersion":4189}