{
  "_fv": 79,
  "_type": "gui",
  "definition": {
    "type": 1,
    "width": 176,
    "height": 166,
    "inventoryOffsetX": 0,
    "inventoryOffsetY": 0,
    "renderBgLayer": true,
    "doesPauseGame": false,
    "components": [
      {
        "type": "inputslot",
        "data": {
          "inputLimit": {
            "value": ""
          },
          "disablePlacement": {
            "fixedValue": false
          },
          "id": 0,
          "disablePickup": {
            "fixedValue": false
          },
          "dropItemsWhenNotBound": true,
          "x": 141,
          "y": 89,
          "locked": false
        }
      },
      {
        "type": "outputslot",
        "data": {
          "id": 1,
          "disablePickup": {
            "fixedValue": false
          },
          "dropItemsWhenNotBound": true,
          "x": 276,
          "y": 89,
          "locked": false
        }
      },
      {
        "type": "button",
        "data": {
          "name": "button_exchange",
          "text": "exchange",
          "isUndecorated": false,
          "onClick": {
            "name": "Atmpro"
          },
          "width": 67,
          "height": 20,
          "x": 186,
          "y": 89,
          "locked": false
        }
      },
      {
        "type": "label",
        "data": {
          "name": "label_atm",
          "text": {
            "fixedValue": "atm"
          },
          "color": {
            "value": -103,
            "falpha": 0.0
          },
          "x": 195,
          "y": 44,
          "locked": false
        }
      },
      {
        "type": "label",
        "data": {
          "name": "label_inpot",
          "text": {
            "fixedValue": "inpot"
          },
          "color": {
            "value": -65536,
            "falpha": 0.0
          },
          "x": 135,
          "y": 73,
          "locked": false
        }
      },
      {
        "type": "label",
        "data": {
          "name": "label_outpot",
          "text": {
            "fixedValue": "outpot"
          },
          "color": {
            "value": -52429,
            "falpha": 0.0
          },
          "x": 267,
          "y": 71,
          "locked": false
        }
      }
    ],
    "gridSettings": {
      "sx": 18,
      "sy": 18,
      "ox": 11,
      "oy": 15,
      "snapOnGrid": true
    }
  }
}