{
  "_fv": 79,
  "_type": "biome",
  "definition": {
    "name": "Cep",
    "groundBlock": {
      "value": "Blocks.SLIME_BLOCK"
    },
    "undergroundBlock": {
      "value": "Blocks.SLIME_BLOCK"
    },
    "underwaterBlock": {
      "value": "Blocks.DIAMOND_BLOCK"
    },
    "airColor": {
      "value": -3342388,
      "falpha": 0.0
    },
    "fogColor": {
      "value": -16711936,
      "falpha": 0.0
    },
    "grassColor": {
      "value": -65536,
      "falpha": 0.0
    },
    "foliageColor": {
      "value": -16737895,
      "falpha": 0.0
    },
    "waterColor": {
      "value": -103,
      "falpha": 0.0
    },
    "waterFogColor": {
      "value": -16777216,
      "falpha": 0.0
    },
    "ambientSound": {
      "value": ""
    },
    "additionsSound": {
      "value": ""
    },
    "music": {
      "value": ""
    },
    "moodSound": {
      "value": ""
    },
    "moodSoundDelay": 6000,
    "spawnParticles": false,
    "particleToSpawn": {
      "value": "ASH"
    },
    "particlesProbability": 0.5,
    "rainingPossibility": 0.5,
    "temperature": 0.5,
    "spawnBiome": true,
    "spawnInCaves": false,
    "spawnBiomeNether": false,
    "genTemperature": {
      "min": -0.5,
      "max": 0.5
    },
    "genHumidity": {
      "min": -0.5,
      "max": 0.5
    },
    "genContinentalness": {
      "min": 0.3,
      "max": 1.0
    },
    "genErosion": {
      "min": -0.5,
      "max": 0.5
    },
    "genWeirdness": {
      "min": -1.0,
      "max": 1.0
    },
    "treesPerChunk": 1,
    "vanillaTreeType": "Big trees",
    "treeType": 1,
    "minHeight": 1,
    "treeStem": {
      "value": "Blocks.SEA_LANTERN"
    },
    "treeBranch": {
      "value": "Blocks.SEA_LANTERN"
    },
    "treeVines": {
      "value": "Blocks.CHAIN"
    },
    "treeFruits": {
      "value": "Blocks.SWEET_BERRY_BUSH"
    },
    "defaultFeatures": [
      "Caves",
      "Ores",
      "FrozenTopLayer"
    ],
    "spawnStronghold": false,
    "spawnMineshaft": true,
    "spawnMineshaftMesa": true,
    "spawnPillagerOutpost": false,
    "villageType": "desert",
    "spawnWoodlandMansion": true,
    "spawnJungleTemple": true,
    "spawnDesertPyramid": true,
    "spawnSwampHut": false,
    "spawnIgloo": true,
    "spawnOceanMonument": true,
    "spawnShipwreck": false,
    "spawnShipwreckBeached": false,
    "spawnBuriedTreasure": false,
    "oceanRuinType": "NONE",
    "spawnNetherBridge": false,
    "spawnNetherFossil": false,
    "spawnBastionRemnant": false,
    "spawnEndCity": false,
    "spawnRuinedPortal": "NONE",
    "spawnEntries": [
      {
        "entity": {
          "value": "EntityAllay"
        },
        "minGroup": 5,
        "maxGroup": 6,
        "weight": 1,
        "spawnType": "monster"
      },
      {
        "entity": {
          "value": "CUSTOM:Killr"
        },
        "minGroup": 4,
        "maxGroup": 4,
        "weight": 23,
        "spawnType": "creature"
      },
      {
        "entity": {
          "value": "EntityBirchChestBoat"
        },
        "minGroup": 4,
        "maxGroup": 4,
        "weight": 20,
        "spawnType": "monster"
      },
      {
        "entity": {
          "value": "EntityArmorStand"
        },
        "minGroup": 4,
        "maxGroup": 4,
        "weight": 20,
        "spawnType": "monster"
      },
      {
        "entity": {
          "value": "CUSTOM:Killr"
        },
        "minGroup": 4,
        "maxGroup": 4,
        "weight": 20,
        "spawnType": "monster"
      },
      {
        "entity": {
          "value": "EntityArrow"
        },
        "minGroup": 4,
        "maxGroup": 4,
        "weight": 20,
        "spawnType": "undergroundWaterCreature"
      }
    ]
  }
}