{
  "_fv": 79,
  "_type": "recipe",
  "definition": {
    "recipeType": "Crafting",
    "recipeRetstackSize": 1,
    "group": "",
    "unlockingItems": [],
    "cookingBookCategory": "MISC",
    "xpReward": 0.0,
    "cookingTime": 200,
    "craftingBookCategory": "MISC",
    "recipeShapeless": true,
    "recipeSlots": [
      {
        "value": "Blocks.CONCRETE#14"
      },
      {
        "value": "Blocks.REDSTONE_BLOCK"
      },
      {
        "value": "Blocks.BRICK_BLOCK"
      },
      {
        "value": "Blocks.WOOL#14"
      },
      {
        "value": "Blocks.CRIMSON_STEM"
      },
      {
        "value": "Blocks.CRIMSON_HYPHAE"
      },
      {
        "value": "Blocks.NETHER_WART_BLOCK"
      },
      {
        "value": "Blocks.RED_MUSHROOM_BLOCK"
      },
      {
        "value": "Blocks.TNT"
      }
    ],
    "recipeReturnStack": {
      "value": "CUSTOM:Onehundredbill"
    },
    "name": "hundoorecipe",
    "namespace": "mod"
  }
}