{
  "_fv": 79,
  "_type": "livingentity",
  "definition": {
    "mobName": "Killr",
    "mobLabel": "",
    "mobModelName": "Villager",
    "mobModelTexture": "image-removebg-preview_2.png",
    "transparentModelCondition": {
      "fixedValue": false
    },
    "isShakingCondition": {
      "fixedValue": false
    },
    "solidBoundingBox": {
      "fixedValue": false
    },
    "visualScale": {
      "fixedValue": 1.0
    },
    "boundingBoxScale": {
      "fixedValue": 1.0
    },
    "modelLayers": [],
    "animations": [],
    "modelWidth": 1.2000000000000002,
    "modelHeight": 2.85,
    "modelShadowSize": 1.3,
    "mountedYOffset": 2.2,
    "hasSpawnEgg": true,
    "spawnEggBaseColor": {
      "value": -39322,
      "falpha": 0.0
    },
    "spawnEggDotColor": {
      "value": -16751104,
      "falpha": 0.0
    },
    "creativeTabs": [
      {
        "value": "MISC"
      }
    ],
    "isBoss": false,
    "bossBarColor": "PINK",
    "bossBarType": "PROGRESS",
    "equipmentMainHand": {
      "value": ""
    },
    "equipmentOffHand": {
      "value": ""
    },
    "equipmentHelmet": {
      "value": ""
    },
    "equipmentBody": {
      "value": ""
    },
    "equipmentLeggings": {
      "value": ""
    },
    "equipmentBoots": {
      "value": ""
    },
    "mobBehaviourType": "Creature",
    "mobCreatureType": "UNDEFINED",
    "attackStrength": 10,
    "attackKnockback": 4.6,
    "knockbackResistance": 3.7,
    "movementSpeed": 0.2,
    "stepHeight": 0.6,
    "armorBaseValue": 3.3000000000000003,
    "trackingRange": 64,
    "followRange": 16,
    "health": 10,
    "xpAmount": 0,
    "waterMob": false,
    "breatheUnderwater": {
      "fixedValue": false
    },
    "pushedByFluids": {
      "fixedValue": true
    },
    "flyingMob": false,
    "inventorySize": 9,
    "inventoryStackSize": 99,
    "disableCollisions": false,
    "ridable": false,
    "canControlForward": false,
    "canControlStrafe": false,
    "immuneToFire": false,
    "immuneToArrows": false,
    "immuneToFallDamage": false,
    "immuneToCactus": false,
    "immuneToDrowning": false,
    "immuneToLightning": false,
    "immuneToPotions": false,
    "immuneToPlayer": false,
    "immuneToExplosion": false,
    "immuneToTrident": false,
    "immuneToAnvil": false,
    "immuneToWither": false,
    "immuneToDragonBreath": false,
    "mobDrop": {
      "value": ""
    },
    "livingSound": {
      "value": "entity.wither_skeleton.ambient"
    },
    "hurtSound": {
      "value": "entity.wither_skeleton.hurt"
    },
    "deathSound": {
      "value": "ambient.underwater.loop.additions.ultra_rare"
    },
    "stepSound": {
      "value": "ambient.cave"
    },
    "raidCelebrationSound": {
      "value": ""
    },
    "entityDataEntries": [],
    "hasAI": true,
    "aiBase": "(none)",
    "aixml": "<xml xmlns=\"https://developers.google.com/blockly/xml\"><block type=\"aitasks_container\" deletable=\"false\" x=\"183\" y=\"188\"><next><block type=\"attack_entity\"><field name=\"insight\">TRUE</field><field name=\"nearby\">TRUE</field><field name=\"entity\">EntityMob</field><field name=\"condition\">null,null</field><next><block type=\"wander\"><field name=\"speed\">1</field><field name=\"condition\">null,null</field><next><block type=\"swim_in_water\"><field name=\"condition\">null,null</field><next><block type=\"doors_break\"><field name=\"condition\">null,null</field><next><block type=\"break_blocks\"><field name=\"speed\">1</field><field name=\"y_max\">3</field><field name=\"condition\">null,null</field><value name=\"block\"><block type=\"mcitem_allblocks\"><field name=\"value\">Blocks.BARRIER</field></block></value><next><block type=\"attack_entity\"><field name=\"insight\">FALSE</field><field name=\"nearby\">FALSE</field><field name=\"entity\">EntityPlayer</field><field name=\"condition\">null,null</field><next><block type=\"attack_on_collide\"><field name=\"speed\">1.2</field><field name=\"longmemory\">FALSE</field><field name=\"condition\">null,null</field><next><block type=\"look_around\"><field name=\"condition\">null,null</field></block></next></block></next></block></next></block></next></block></next></block></next></block></next></block></next></block></xml>",
    "breedable": true,
    "tameable": false,
    "breedTriggerItems": [
      {
        "value": "CUSTOM:Onehundredbill"
      }
    ],
    "ranged": false,
    "rangedAttackItem": {
      "value": ""
    },
    "rangedItemType": "Default item",
    "rangedAttackInterval": 20,
    "rangedAttackRadius": 10.0,
    "spawnThisMob": true,
    "doesDespawnWhenIdle": true,
    "spawningProbability": 20,
    "mobSpawningType": "monster",
    "minNumberOfMobsPerGroup": 1,
    "maxNumberOfMobsPerGroup": 1,
    "restrictionBiomes": [],
    "spawnInDungeons": false,
    "raidSpawnsCount": [
      4,
      3,
      3,
      4,
      4,
      4,
      2
    ],
    "sensitiveToVibration": false,
    "vibrationalEvents": [],
    "vibrationSensitivityRadius": {
      "fixedValue": 7.0
    }
  }
}