{
  "_fv": 79,
  "_type": "recipe",
  "definition": {
    "recipeType": "Crafting",
    "recipeRetstackSize": 1,
    "group": "",
    "unlockingItems": [],
    "cookingBookCategory": "MISC",
    "xpReward": 0.0,
    "cookingTime": 200,
    "craftingBookCategory": "MISC",
    "recipeShapeless": true,
    "recipeSlots": [
      {
        "value": "Blocks.WATERLILY"
      },
      {
        "value": "Blocks.VINE"
      },
      {
        "value": "Blocks.WATERLILY"
      },
      {
        "value": "Items.DYE#0"
      },
      {
        "value": "Blocks.CACTUS"
      },
      {
        "value": "Items.DYE#10"
      },
      {
        "value": "Items.DYE#10"
      },
      {
        "value": "Items.DYE#16"
      },
      {
        "value": "Items.DYE#10"
      }
    ],
    "recipeReturnStack": {
      "value": "CUSTOM:Tendollar"
    },
    "name": "ten",
    "namespace": "mod"
  }
}