{
  "_fv": 79,
  "_type": "biome",
  "definition": {
    "name": "WO",
    "groundBlock": {
      "value": "Blocks.WATER"
    },
    "undergroundBlock": {
      "value": "Blocks.WATER"
    },
    "underwaterBlock": {
      "value": "Blocks.WATER"
    },
    "airColor": {
      "value": -13421569,
      "falpha": 0.0
    },
    "fogColor": {
      "value": -13421569,
      "falpha": 0.0
    },
    "grassColor": {
      "value": -13421569,
      "falpha": 0.0
    },
    "foliageColor": {
      "value": -13421569,
      "falpha": 0.0
    },
    "waterColor": {
      "value": -13421569,
      "falpha": 0.0
    },
    "waterFogColor": {
      "value": -13421569,
      "falpha": 0.0
    },
    "ambientSound": {
      "value": ""
    },
    "additionsSound": {
      "value": ""
    },
    "music": {
      "value": ""
    },
    "moodSound": {
      "value": ""
    },
    "moodSoundDelay": 6000,
    "spawnParticles": false,
    "particleToSpawn": {
      "value": "ASH"
    },
    "particlesProbability": 0.5,
    "rainingPossibility": 0.5,
    "temperature": 0.5,
    "spawnBiome": true,
    "spawnInCaves": true,
    "spawnBiomeNether": true,
    "genTemperature": {
      "min": -0.5,
      "max": 0.5
    },
    "genHumidity": {
      "min": -0.5,
      "max": 0.5
    },
    "genContinentalness": {
      "min": 0.3,
      "max": 1.0
    },
    "genErosion": {
      "min": -0.5,
      "max": 0.5
    },
    "genWeirdness": {
      "min": -1.0,
      "max": 1.0
    },
    "treesPerChunk": 1,
    "vanillaTreeType": "Default",
    "treeType": 1,
    "minHeight": 7,
    "treeStem": {
      "value": "Blocks.WATER"
    },
    "treeBranch": {
      "value": "Blocks.WATER"
    },
    "treeVines": {
      "value": "Blocks.WATER"
    },
    "treeFruits": {
      "value": "Blocks.WATER"
    },
    "defaultFeatures": [
      "Caves",
      "Ores",
      "FrozenTopLayer"
    ],
    "spawnStronghold": true,
    "spawnMineshaft": true,
    "spawnMineshaftMesa": true,
    "spawnPillagerOutpost": true,
    "villageType": "none",
    "spawnWoodlandMansion": true,
    "spawnJungleTemple": true,
    "spawnDesertPyramid": true,
    "spawnSwampHut": true,
    "spawnIgloo": true,
    "spawnOceanMonument": true,
    "spawnShipwreck": true,
    "spawnShipwreckBeached": true,
    "spawnBuriedTreasure": true,
    "oceanRuinType": "COLD",
    "spawnNetherBridge": true,
    "spawnNetherFossil": true,
    "spawnBastionRemnant": true,
    "spawnEndCity": true,
    "spawnRuinedPortal": "STANDARD",
    "spawnEntries": []
  }
}