{
  "_fv": 79,
  "_type": "procedure",
  "definition": {
    "procedurexml": "<xml xmlns=\"https://developers.google.com/blockly/xml\"><block type=\"event_trigger\" deletable=\"false\" x=\"-1475\" y=\"-1363\"><field name=\"trigger\">no_ext_trigger</field><next><block type=\"controls_if\"><value name=\"IF0\"><block type=\"compare_mcitems\"><value name=\"a\"><block type=\"gui_get_item_inslot\"><value name=\"slotid\"><block type=\"math_number\"><field name=\"NUM\">0</field></block></value><value name=\"entity\"><block type=\"entity_from_deps\"></block></value></block></value><value name=\"b\"><block type=\"mcitem_all\"><field name=\"value\">CUSTOM:Onedollar</field></block></value></block></value><statement name=\"DO0\"><block type=\"controls_if\"><value name=\"IF0\"><block type=\"math_binary_ops\"><field name=\"OP\">EQ</field><value name=\"A\"><block type=\"gui_get_amount_inslot\"><value name=\"slotid\"><block type=\"math_number\"><field name=\"NUM\">0</field></block></value><value name=\"entity\"><block type=\"entity_from_deps\"></block></value></block></value><value name=\"B\"><block type=\"math_number\"><field name=\"NUM\">10</field></block></value></block></value><statement name=\"DO0\"><block type=\"gui_remove_items\"><value name=\"amount\"><block type=\"math_number\"><field name=\"NUM\">10</field></block></value><value name=\"slotid\"><block type=\"math_number\"><field name=\"NUM\">0</field></block></value><value name=\"entity\"><block type=\"entity_from_deps\"></block></value><next><block type=\"gui_set_items\"><value name=\"amount\"><block type=\"math_dual_ops\"><field name=\"OP\">ADD</field><value name=\"A\"><block type=\"math_number\"><field name=\"NUM\">1</field></block></value><value name=\"B\"><block type=\"gui_get_amount_inslot\"><value name=\"slotid\"><block type=\"math_number\"><field name=\"NUM\">0</field></block></value><value name=\"entity\"><block type=\"entity_from_deps\"></block></value></block></value></block></value><value name=\"item\"><block type=\"mcitem_all\"><field name=\"value\">CUSTOM:Tendollarbill</field></block></value><value name=\"slotid\"><block type=\"math_number\"><field name=\"NUM\">1</field></block></value><value name=\"entity\"><block type=\"entity_from_deps\"></block></value></block></next></block></statement></block></statement><next><block type=\"controls_if\"><value name=\"IF0\"><block type=\"compare_mcitems\"><value name=\"a\"><block type=\"gui_get_item_inslot\"><value name=\"slotid\"><block type=\"math_number\"><field name=\"NUM\">0</field></block></value><value name=\"entity\"><block type=\"entity_from_deps\"></block></value></block></value><value name=\"b\"><block type=\"mcitem_all\"><field name=\"value\">CUSTOM:Tendollarbill</field></block></value></block></value><statement name=\"DO0\"><block type=\"controls_if\"><value name=\"IF0\"><block type=\"math_binary_ops\"><field name=\"OP\">EQ</field><value name=\"A\"><block type=\"gui_get_amount_inslot\"><value name=\"slotid\"><block type=\"math_number\"><field name=\"NUM\">0</field></block></value><value name=\"entity\"><block type=\"entity_from_deps\"></block></value></block></value><value name=\"B\"><block type=\"math_number\"><field name=\"NUM\">10</field></block></value></block></value><statement name=\"DO0\"><block type=\"gui_remove_items\"><value name=\"amount\"><block type=\"math_number\"><field name=\"NUM\">10</field></block></value><value name=\"slotid\"><block type=\"math_number\"><field name=\"NUM\">0</field></block></value><value name=\"entity\"><block type=\"entity_from_deps\"></block></value><next><block type=\"gui_set_items\"><value name=\"amount\"><block type=\"math_dual_ops\"><field name=\"OP\">ADD</field><value name=\"A\"><block type=\"math_number\"><field name=\"NUM\">1</field></block></value><value name=\"B\"><block type=\"gui_get_amount_inslot\"><value name=\"slotid\"><block type=\"math_number\"><field name=\"NUM\">1</field></block></value><value name=\"entity\"><block type=\"entity_from_deps\"></block></value></block></value></block></value><value name=\"item\"><block type=\"mcitem_all\"><field name=\"value\">CUSTOM:Hundooo</field></block></value><value name=\"slotid\"><block type=\"math_number\"><field name=\"NUM\">1</field></block></value><value name=\"entity\"><block type=\"entity_from_deps\"></block></value></block></next></block></statement></block></statement></block></next></block></next></block></xml>",
    "skipDependencyNullCheck": false
  }
}