{
  "_fv": 79,
  "_type": "dimension",
  "definition": {
    "biomesInDimension": [
      {
        "value": "deep_dark"
      },
      {
        "value": "mutated_ice_flats"
      },
      {
        "value": "deep_cold_ocean"
      },
      {
        "value": "end_midlands"
      },
      {
        "value": "CUSTOM:DARKNESS"
      },
      {
        "value": "CUSTOM:Slime"
      }
    ],
    "worldGenType": "Nether like gen",
    "mainFillerBlock": {
      "value": "Blocks.SCULK"
    },
    "fluidBlock": {
      "value": "Blocks.WATER"
    },
    "seaLevel": 57,
    "generateOreVeins": true,
    "generateAquifers": true,
    "horizontalNoiseSize": 4,
    "verticalNoiseSize": 4,
    "defaultEffects": "overworld",
    "useCustomEffects": true,
    "hasClouds": true,
    "cloudHeight": 192.0,
    "skyType": "NONE",
    "sunHeightAffectsFog": false,
    "canRespawnHere": false,
    "hasFog": false,
    "ambientLight": 0.0,
    "doesWaterVaporize": false,
    "hasFixedTime": false,
    "fixedTimeValue": 0,
    "coordinateScale": 1.0,
    "infiniburnTag": "minecraft:infiniburn_overworld",
    "bedWorks": true,
    "hasSkyLight": true,
    "imitateOverworldBehaviour": true,
    "piglinSafe": false,
    "hasRaids": true,
    "minMonsterSpawnLightLimit": 0,
    "maxMonsterSpawnLightLimit": 7,
    "monsterSpawnBlockLightLimit": 0,
    "portalFrame": {
      "value": "CUSTOM:Supablock"
    },
    "portalParticles": {
      "value": "REVERSE_PORTAL"
    },
    "portalLuminance": 15,
    "portalSound": {
      "value": "block.portal.ambient"
    },
    "enableIgniter": true,
    "igniterName": "DARCKPLANS Portal Igniter",
    "igniterRarity": "COMMON",
    "specialInformation": {
      "fixedValue": []
    },
    "creativeTabs": [
      {
        "value": "TOOLS"
      }
    ],
    "texture": "katanatext",
    "portalTexture": "portal",
    "enablePortal": true
  }
}