{
  "_fv": 79,
  "_type": "biome",
  "definition": {
    "name": "DARKNESS",
    "groundBlock": {
      "value": "Blocks.GRASS"
    },
    "undergroundBlock": {
      "value": "Blocks.DIRT#0"
    },
    "underwaterBlock": {
      "value": "Blocks.GRAVEL"
    },
    "fogColor": {
      "value": -16738048,
      "falpha": 0.0
    },
    "grassColor": {
      "value": -16711732,
      "falpha": 0.0
    },
    "waterColor": {
      "value": -13434880,
      "falpha": 0.0
    },
    "waterFogColor": {
      "value": -10092442,
      "falpha": 0.0
    },
    "ambientSound": {
      "value": "ambient.crimson_forest.loop"
    },
    "additionsSound": {
      "value": ""
    },
    "music": {
      "value": "ambient.cave"
    },
    "moodSound": {
      "value": "ambient.soul_sand_valley.mood"
    },
    "moodSoundDelay": 6300,
    "spawnParticles": true,
    "particleToSpawn": {
      "value": "DRAGON_BREATH"
    },
    "particlesProbability": 0.30000000000000004,
    "rainingPossibility": 0.5,
    "temperature": 0.5,
    "spawnBiome": true,
    "spawnInCaves": false,
    "spawnBiomeNether": false,
    "genTemperature": {
      "min": -0.5,
      "max": 0.5
    },
    "genHumidity": {
      "min": -0.5,
      "max": 0.5
    },
    "genContinentalness": {
      "min": 0.3,
      "max": 1.0
    },
    "genErosion": {
      "min": -0.5,
      "max": 0.5
    },
    "genWeirdness": {
      "min": -1.0,
      "max": 1.0
    },
    "treesPerChunk": 1,
    "vanillaTreeType": "Mega spruce trees",
    "treeType": 1,
    "minHeight": 32,
    "treeStem": {
      "value": "Blocks.WARPED_HYPHAE"
    },
    "treeBranch": {
      "value": "Blocks.AMETHYST_BLOCK"
    },
    "treeVines": {
      "value": "Blocks.CHERRY_LEAVES"
    },
    "treeFruits": {
      "value": "Blocks.CANDLE_CAKE#14"
    },
    "defaultFeatures": [
      "Caves",
      "Ores",
      "FrozenTopLayer",
      "LushCavesDecoration"
    ],
    "spawnStronghold": true,
    "spawnMineshaft": true,
    "spawnMineshaftMesa": true,
    "spawnPillagerOutpost": true,
    "villageType": "snowy",
    "spawnWoodlandMansion": true,
    "spawnJungleTemple": true,
    "spawnDesertPyramid": false,
    "spawnSwampHut": false,
    "spawnIgloo": true,
    "spawnOceanMonument": true,
    "spawnShipwreck": true,
    "spawnShipwreckBeached": true,
    "spawnBuriedTreasure": true,
    "oceanRuinType": "WARM",
    "spawnNetherBridge": true,
    "spawnNetherFossil": true,
    "spawnBastionRemnant": true,
    "spawnEndCity": true,
    "spawnRuinedPortal": "NETHER",
    "spawnEntries": [
      {
        "entity": {
          "value": "CUSTOM:Dragen"
        },
        "minGroup": 5,
        "maxGroup": 5,
        "weight": 20,
        "spawnType": "monster"
      }
    ]
  }
}