{"stats":{"minecraft:dropped":{"daniel:rambowblock":1},"minecraft:used":{"daniel:toes":10,"daniel:rambowblock":29,"minecraft:crafting_table":3},"minecraft:crafted":{"daniel:rambowblock":1,"daniel:toes":1},"minecraft:picked_up":{"daniel:rambowblock":1},"minecraft:custom":{"minecraft:jump":2,"minecraft:time_since_rest":6105,"minecraft:leave_game":3,"minecraft:play_time":6105,"minecraft:sprint_one_cm":86,"minecraft:time_since_death":6105,"minecraft:walk_one_cm":6691,"minecraft:total_world_time":6135,"minecraft:interact_with_crafting_table":5,"minecraft:drop":1,"minecraft:fly_one_cm":221}},"DataVersion":4189}