{
  "has_precipitation": true,
  "temperature": 0.6,
  "downfall": 0.7,
  "effects": {
    "foliage_color": -3407872,
    "grass_color": -3342541,
    "sky_color": -52429,
    "fog_color": -10027162,
    "water_color": -16763905,
    "water_fog_color": -10066177
  },
  "spawners": {
    "monster": [
      {
        "type": "bee",
        "weight": 20,
        "minCount": 4,
        "maxCount": 4
      },
      {
        "type": "creeper",
        "weight": 20,
        "minCount": 4,
        "maxCount": 4
      },
      {
        "type": "simon_:anoob",
        "weight": 20,
        "minCount": 4,
        "maxCount": 4
      }
    ],
    "creature": [
      {
        "type": "horse",
        "weight": 20,
        "minCount": 4,
        "maxCount": 4
      },
      {
        "type": "chicken",
        "weight": 20,
        "minCount": 4,
        "maxCount": 4
      },
      {
        "type": "fox",
        "weight": 20,
        "minCount": 4,
        "maxCount": 4
      },
      {
        "type": "cow",
        "weight": 20,
        "minCount": 4,
        "maxCount": 4
      },
      {
        "type": "pig",
        "weight": 20,
        "minCount": 4,
        "maxCount": 4
      },
      {
        "type": "axolotl",
        "weight": 20,
        "minCount": 4,
        "maxCount": 4
      }
    ],
    "ambient": [],
    "axolotls": [],
    "underground_water_creature": [],
    "water_creature": [],
    "water_ambient": [],
    "misc": []
  },
  "spawn_costs": {},
  "carvers": [
    "minecraft:cave",
    "minecraft:cave_extra_underground",
    "minecraft:canyon"
  ],
  "features": [
    [],
    [
      "minecraft:lake_lava_underground"
    ],
    [],
    [
      "minecraft:fossil_upper",
      "minecraft:fossil_lower",
      "minecraft:monster_room",
      "minecraft:monster_room_deep"
    ],
    [],
    [],
    [
      "minecraft:ore_coal_upper",
      "minecraft:ore_coal_lower",
      "minecraft:ore_iron_upper",
      "minecraft:ore_iron_middle",
      "minecraft:ore_iron_small",
      "minecraft:ore_gold",
      "minecraft:ore_gold_lower",
      "minecraft:ore_redstone",
      "minecraft:ore_redstone_lower",
      "minecraft:ore_diamond",
      "minecraft:ore_diamond_medium",
      "minecraft:ore_diamond_large",
      "minecraft:ore_diamond_buried",
      "minecraft:ore_lapis",
      "minecraft:ore_lapis_buried",
      "minecraft:ore_copper",
      "minecraft:underwater_magma"
    ],
    [],
    [],
    [
      "simon_:redwood_forest_tree",
      "minecraft:forest_flowers"
    ],
    []
  ]
}