{
  "has_precipitation": true,
  "temperature": 0.5,
  "downfall": 0.5,
  "effects": {
    "foliage_color": -13395712,
    "grass_color": -26215,
    "sky_color": -3342541,
    "fog_color": -52429,
    "water_color": -1,
    "water_fog_color": -16751002
  },
  "spawners": {
    "monster": [
      {
        "type": "armadillo",
        "weight": 20,
        "minCount": 4,
        "maxCount": 4
      },
      {
        "type": "simon_:anoob",
        "weight": 20,
        "minCount": 4,
        "maxCount": 4
      },
      {
        "type": "bee",
        "weight": 20,
        "minCount": 4,
        "maxCount": 4
      },
      {
        "type": "bat",
        "weight": 20,
        "minCount": 4,
        "maxCount": 4
      },
      {
        "type": "chicken",
        "weight": 20,
        "minCount": 4,
        "maxCount": 4
      },
      {
        "type": "wolf",
        "weight": 20,
        "minCount": 4,
        "maxCount": 4
      },
      {
        "type": "ender_dragon",
        "weight": 20,
        "minCount": 4,
        "maxCount": 4
      }
    ],
    "creature": [],
    "ambient": [],
    "axolotls": [],
    "underground_water_creature": [],
    "water_creature": [],
    "water_ambient": [],
    "misc": []
  },
  "spawn_costs": {},
  "carvers": [
    "minecraft:cave",
    "minecraft:cave_extra_underground",
    "minecraft:canyon"
  ],
  "features": [
    [],
    [
      "minecraft:lake_lava_underground"
    ],
    [],
    [],
    [],
    [],
    [
      "minecraft:ore_coal_upper",
      "minecraft:ore_coal_lower",
      "minecraft:ore_iron_upper",
      "minecraft:ore_iron_middle",
      "minecraft:ore_iron_small",
      "minecraft:ore_gold",
      "minecraft:ore_gold_lower",
      "minecraft:ore_redstone",
      "minecraft:ore_redstone_lower",
      "minecraft:ore_diamond",
      "minecraft:ore_diamond_medium",
      "minecraft:ore_diamond_large",
      "minecraft:ore_diamond_buried",
      "minecraft:ore_lapis",
      "minecraft:ore_lapis_buried",
      "minecraft:ore_copper",
      "minecraft:underwater_magma"
    ],
    [],
    [],
    [
      "simon_:tnt_tree"
    ],
    [
      "minecraft:freeze_top_layer"
    ]
  ]
}