{
  "_fv": 60,
  "_type": "recipe",
  "definition": {
    "recipeType": "Crafting",
    "recipeRetstackSize": 1,
    "group": "",
    "cookingBookCategory": "MISC",
    "xpReward": 0.0,
    "cookingTime": 200,
    "craftingBookCategory": "MISC",
    "recipeShapeless": false,
    "recipeSlots": [
      {
        "value": "Items.PAPER"
      },
      {
        "value": "Items.DYE#10"
      },
      {
        "value": "Items.SCUTE"
      },
      {
        "value": "Items.SLIME_BALL"
      },
      {
        "value": "Items.DYE#0"
      },
      {
        "value": ""
      },
      {
        "value": ""
      },
      {
        "value": ""
      },
      {
        "value": ""
      }
    ],
    "recipeReturnStack": {
      "value": "CUSTOM:DollarBill"
    },
    "name": "dollarbillrecipe",
    "namespace": "mod"
  }
}