{"stats":{"minecraft:custom":{"minecraft:time_since_rest":9472,"minecraft:play_time":9472,"minecraft:walk_one_cm":7751,"minecraft:jump":15,"minecraft:time_since_death":9472,"minecraft:leave_game":2,"minecraft:total_world_time":9576,"minecraft:interact_with_crafting_table":2},"minecraft:used":{"minecraft:spruce_door":1,"minecraft:crafting_table":2,"minecraft:spruce_planks":1,"minecraft:wooden_pickaxe":52,"minecraft:spruce_sapling":1},"minecraft:picked_up":{"minecraft:stick":3,"minecraft:crafting_table":1,"minecraft:spruce_planks":1,"minecraft:spruce_sapling":1,"minecraft:spruce_log":6,"minecraft:dirt":68,"minecraft:cobblestone":42},"minecraft:crafted":{"minecraft:spruce_door":3,"minecraft:crafting_table":1,"minecraft:spruce_planks":24,"minecraft:stick":8,"minecraft:wooden_pickaxe":1},"minecraft:mined":{"minecraft:grass_block":8,"minecraft:spruce_planks":1,"minecraft:dirt":60,"minecraft:stone":42,"minecraft:spruce_leaves":3,"minecraft:spruce_log":6,"minecraft:crafting_table":1}},"DataVersion":4189}