{
  "variants": {
    "facing=north,half=bottom,open=false": {
      "model": "daniel:block/sus"
    },
    "facing=south,half=bottom,open=false": {
      "model": "daniel:block/sus",
      "y": 180
    },
    "facing=east,half=bottom,open=false": {
      "model": "daniel:block/sus",
      "y": 90
    },
    "facing=west,half=bottom,open=false": {
      "model": "daniel:block/sus",
      "y": 270
    },
    "facing=north,half=top,open=false": {
      "model": "daniel:block/sus_top"
    },
    "facing=south,half=top,open=false": {
      "model": "daniel:block/sus_top",
      "y": 180
    },
    "facing=east,half=top,open=false": {
      "model": "daniel:block/sus_top",
      "y": 90
    },
    "facing=west,half=top,open=false": {
      "model": "daniel:block/sus_top",
      "y": 270
    },
    "facing=north,half=bottom,open=true": {
      "model": "daniel:block/sus_open"
    },
    "facing=south,half=bottom,open=true": {
      "model": "daniel:block/sus_open",
      "y": 180
    },
    "facing=east,half=bottom,open=true": {
      "model": "daniel:block/sus_open",
      "y": 90
    },
    "facing=west,half=bottom,open=true": {
      "model": "daniel:block/sus_open",
      "y": 270
    },
    "facing=north,half=top,open=true": {
      "model": "daniel:block/sus_open",
      "x": 180,
      "y": 180
    },
    "facing=south,half=top,open=true": {
      "model": "daniel:block/sus_open",
      "x": 180,
      "y": 0
    },
    "facing=east,half=top,open=true": {
      "model": "daniel:block/sus_open",
      "x": 180,
      "y": 270
    },
    "facing=west,half=top,open=true": {
      "model": "daniel:block/sus_open",
      "x": 180,
      "y": 90
    }
  }
}