{
  "type": "minecraft:crafting_shaped",
  "category": "misc",
  "pattern": [
    "ab ",
    "cde",
    "fge"
  ],
  "key": {
    "a": "minecraft:cut_copper_stairs",
    "b": "minecraft:waxed_weathered_copper",
    "c": "minecraft:exposed_cut_copper_stairs",
    "d": "minecraft:chiseled_copper",
    "e": "minecraft:waxed_weathered_cut_copper_slab",
    "f": "minecraft:weathered_cut_copper_stairs",
    "g": "minecraft:waxed_cut_copper"
  },
  "result": {
    "id": "joshua:tendolrblok",
    "count": 1
  }
}