{
  "_fv": 79,
  "_type": "recipe",
  "definition": {
    "recipeType": "Crafting",
    "recipeRetstackSize": 1,
    "group": "",
    "unlockingItems": [],
    "cookingBookCategory": "MISC",
    "xpReward": 0.0,
    "cookingTime": 200,
    "craftingBookCategory": "MISC",
    "recipeShapeless": true,
    "recipeSlots": [
      {
        "value": "CUSTOM:Hundreddollarbill"
      },
      {
        "value": "Blocks.COBBLESTONE"
      },
      {
        "value": "Blocks.WARPED_STEM"
      },
      {
        "value": "CUSTOM:Onedollar"
      },
      {
        "value": "Blocks.NETHERITE_BLOCK"
      },
      {
        "value": ""
      },
      {
        "value": ""
      },
      {
        "value": ""
      },
      {
        "value": ""
      }
    ],
    "recipeReturnStack": {
      "value": "CUSTOM:Atm"
    },
    "name": "atmrecipe",
    "namespace": "mod"
  }
}