{
  "_fv": 79,
  "_type": "tool",
  "definition": {
    "toolType": "Sword",
    "renderType": 0,
    "blockingRenderType": 0,
    "texture": "ssun",
    "customModelName": "Normal",
    "blockingModelName": "Normal blocking",
    "guiTexture": "",
    "name": "Kfi 0 4jmg",
    "specialInformation": {
      "fixedValue": []
    },
    "creativeTabs": [
      {
        "value": "COMBAT"
      }
    ],
    "efficiency": 10000.0,
    "attackSpeed": 1.0,
    "enchantability": 1000,
    "damageVsEntity": 100.0,
    "usageCount": 1000,
    "glowCondition": {
      "fixedValue": false
    },
    "repairItems": [],
    "immuneToFire": true,
    "blockDropsTier": "WOOD",
    "blocksAffected": [],
    "stayInGridWhenCrafting": true,
    "damageOnCrafting": false
  }
}