{
  "_fv": 79,
  "_type": "recipe",
  "definition": {
    "recipeType": "Crafting",
    "recipeRetstackSize": 25,
    "group": "",
    "unlockingItems": [],
    "cookingBookCategory": "MISC",
    "xpReward": 0.0,
    "cookingTime": 200,
    "craftingBookCategory": "MISC",
    "recipeShapeless": false,
    "recipeSlots": [
      {
        "value": ""
      },
      {
        "value": "Items.EMERALD"
      },
      {
        "value": ""
      },
      {
        "value": "Items.EMERALD"
      },
      {
        "value": "Items.PAPER"
      },
      {
        "value": "Items.EMERALD"
      },
      {
        "value": ""
      },
      {
        "value": "Items.EMERALD"
      },
      {
        "value": ""
      }
    ],
    "recipeReturnStack": {
      "value": "CUSTOM:Dollarbill"
    },
    "name": "dollorbillrecipe",
    "namespace": "mod"
  }
}