{
  "_fv": 79,
  "_type": "villagertrade",
  "definition": {
    "tradeEntries": [
      {
        "villagerProfession": {
          "value": "CLERIC"
        },
        "entries": [
          {
            "price1": {
              "value": "Blocks.LEAVES#1"
            },
            "countPrice1": 1,
            "price2": {
              "value": ""
            },
            "countPrice2": 1,
            "offer": {
              "value": "Blocks.REPEATING_COMMAND_BLOCK"
            },
            "countOffer": 99,
            "level": 1,
            "maxTrades": 118,
            "xp": 5,
            "priceMultiplier": 0.0
          },
          {
            "price1": {
              "value": "Blocks.LEAVES#1"
            },
            "countPrice1": 1,
            "price2": {
              "value": ""
            },
            "countPrice2": 1,
            "offer": {
              "value": "Blocks.BARRIER"
            },
            "countOffer": 99,
            "level": 1,
            "maxTrades": 56,
            "xp": 5,
            "priceMultiplier": 0.0
          },
          {
            "price1": {
              "value": "Blocks.LEAVES#1"
            },
            "countPrice1": 1,
            "price2": {
              "value": ""
            },
            "countPrice2": 1,
            "offer": {
              "value": "Items.IRON_GOLEM_SPAWN_EGG"
            },
            "countOffer": 99,
            "level": 1,
            "maxTrades": 44,
            "xp": 5,
            "priceMultiplier": 0.0
          },
          {
            "price1": {
              "value": "Blocks.LEAVES#1"
            },
            "countPrice1": 1,
            "price2": {
              "value": ""
            },
            "countPrice2": 1,
            "offer": {
              "value": "Items.ENDER_DRAGON_SPAWN_EGG"
            },
            "countOffer": 1,
            "level": 1,
            "maxTrades": 11,
            "xp": 5,
            "priceMultiplier": 0.05
          }
        ]
      }
    ]
  }
}