{
  "_fv": 79,
  "_type": "recipe",
  "definition": {
    "recipeType": "Crafting",
    "recipeRetstackSize": 1,
    "group": "",
    "unlockingItems": [],
    "cookingBookCategory": "MISC",
    "xpReward": 0.0,
    "cookingTime": 200,
    "craftingBookCategory": "MISC",
    "recipeShapeless": false,
    "recipeSlots": [
      {
        "value": "Blocks.CUT_COPPER_STAIRS"
      },
      {
        "value": "Blocks.WAXED_WEATHERED_COPPER"
      },
      {
        "value": ""
      },
      {
        "value": "Blocks.EXPOSED_CUT_COPPER_STAIRS"
      },
      {
        "value": "Blocks.CHISELED_COPPER"
      },
      {
        "value": "Blocks.WAXED_WEATHERED_CUT_COPPER_SLAB"
      },
      {
        "value": "Blocks.WEATHERED_CUT_COPPER_STAIRS"
      },
      {
        "value": "Blocks.WAXED_CUT_COPPER"
      },
      {
        "value": "Blocks.WAXED_WEATHERED_CUT_COPPER_SLAB"
      }
    ],
    "recipeReturnStack": {
      "value": "CUSTOM:Tendolrblok"
    },
    "name": "h",
    "namespace": "mod"
  }
}