{
  "_fv": 79,
  "_type": "recipe",
  "definition": {
    "recipeType": "Crafting",
    "recipeRetstackSize": 1,
    "group": "",
    "unlockingItems": [],
    "cookingBookCategory": "MISC",
    "xpReward": 0.0,
    "cookingTime": 200,
    "craftingBookCategory": "MISC",
    "recipeShapeless": false,
    "recipeSlots": [
      {
        "value": "Items.ENDER_DRAGON_SPAWN_EGG"
      },
      {
        "value": ""
      },
      {
        "value": "Blocks.CHEST"
      },
      {
        "value": "Blocks.BARRIER"
      },
      {
        "value": "Blocks.REPEATING_COMMAND_BLOCK"
      },
      {
        "value": "Blocks.DEEPSLATE_DIAMOND_ORE"
      },
      {
        "value": "Blocks.CHISELED_COPPER"
      },
      {
        "value": "Blocks.CHISELED_COPPER"
      },
      {
        "value": "Blocks.LOG2#1"
      }
    ],
    "recipeReturnStack": {
      "value": "CUSTOM:Hungiddolrblok"
    },
    "name": "kjhhhhh",
    "namespace": "mod"
  }
}