{
  "_fv": 79,
  "_type": "recipe",
  "definition": {
    "recipeType": "Crafting",
    "recipeRetstackSize": 1,
    "group": "",
    "unlockingItems": [],
    "cookingBookCategory": "MISC",
    "xpReward": 0.0,
    "cookingTime": 200,
    "craftingBookCategory": "MISC",
    "recipeShapeless": false,
    "recipeSlots": [
      {
        "value": "Items.COPPER_INGOT"
      },
      {
        "value": "Items.DIAMOND"
      },
      {
        "value": "Items.COPPER_INGOT"
      },
      {
        "value": "Blocks.STONE#0"
      },
      {
        "value": "CUSTOM:Hungiddolrblok"
      },
      {
        "value": "Blocks.STONE#0"
      },
      {
        "value": "Items.IRON_INGOT"
      },
      {
        "value": "Items.IRON_INGOT"
      },
      {
        "value": "Items.IRON_INGOT"
      }
    ],
    "recipeReturnStack": {
      "value": "CUSTOM:Tem"
    },
    "name": "temrespe",
    "namespace": "mod"
  }
}