{
  "type": "minecraft:crafting_shaped",
  "category": "misc",
  "pattern": [
    "abb",
    "ccc",
    "def"
  ],
  "key": {
    "a": {
      "item": "luke:hundred_dollar"
    },
    "b": {
      "item": "minecraft:stone"
    },
    "c": {
      "item": "minecraft:iron_ingot"
    },
    "d": {
      "item": "minecraft:black_dye"
    },
    "e": {
      "item": "minecraft:diamond"
    },
    "f": {
      "item": "minecraft:lime_dye"
    }
  },
  "result": {
    "item": "luke:atm_block",
    "count": 1
  }
}