{
  "type": "minecraft:crafting_shaped",
  "category": "misc",
  "pattern": [
    "abc",
    "def",
    "ghi"
  ],
  "key": {
    "a": "rey:firestrike",
    "b": "minecraft:rooted_dirt",
    "c": "minecraft:large_amethyst_bud",
    "d": "minecraft:smooth_stone",
    "e": "minecraft:emerald_ore",
    "f": "minecraft:nether_quartz_ore",
    "g": "minecraft:small_amethyst_bud",
    "h": "minecraft:amethyst_block",
    "i": "minecraft:nether_gold_ore"
  },
  "result": {
    "id": "rey:hundredmoney",
    "count": 1
  }
}