{"stats":{"minecraft:crafted":{"vihaan:dollar_bill":1},"minecraft:dropped":{"minecraft:phantom_spawn_egg":1,"minecraft:slime_block":1,"minecraft:stone":1,"minecraft:chicken_spawn_egg":1,"minecraft:netherite_sword":1,"minecraft:end_crystal":1,"minecraft:netherite_helmet":1,"minecraft:blaze_spawn_egg":1,"minecraft:ghast_spawn_egg":1,"minecraft:breeze_spawn_egg":4},"minecraft:picked_up":{"minecraft:chicken_spawn_egg":1,"minecraft:blaze_spawn_egg":1,"minecraft:phantom_spawn_egg":1,"minecraft:ghast_spawn_egg":1,"minecraft:magma_cream":5,"minecraft:breeze_spawn_egg":2,"minecraft:slime_block":1,"minecraft:netherite_helmet":1,"minecraft:netherite_sword":1,"minecraft:end_crystal":1,"minecraft:phantom_membrane":2},"minecraft:killed":{"minecraft:magma_cube":9},"minecraft:used":{"minecraft:magma_cube_spawn_egg":58,"minecraft:birch_trapdoor":2,"minecraft:crafting_table":1,"minecraft:breeze_spawn_egg":4,"minecraft:phantom_spawn_egg":55,"vihaan:atm_block":7,"minecraft:stone":4,"minecraft:oak_pressure_plate":1},"minecraft:custom":{"minecraft:time_since_rest":68061,"minecraft:crouch_one_cm":234,"minecraft:play_time":68061,"minecraft:walk_one_cm":12548,"minecraft:sneak_time":205,"minecraft:mob_kills":13,"minecraft:drop":13,"minecraft:jump":138,"minecraft:damage_dealt":1468,"minecraft:leave_game":9,"minecraft:time_since_death":68061,"minecraft:total_world_time":69605,"minecraft:interact_with_crafting_table":3,"minecraft:fly_one_cm":17904}},"DataVersion":4189}