{
  "_fv": 79,
  "_type": "recipe",
  "definition": {
    "recipeType": "Crafting",
    "recipeRetstackSize": 1,
    "group": "",
    "unlockingItems": [],
    "cookingBookCategory": "MISC",
    "xpReward": 0.0,
    "cookingTime": 200,
    "craftingBookCategory": "MISC",
    "recipeShapeless": false,
    "recipeSlots": [
      {
        "value": "Blocks.GRANITE_SLAB"
      },
      {
        "value": "Blocks.WAXED_EXPOSED_CUT_COPPER_STAIRS"
      },
      {
        "value": "Blocks.SMALL_AMETHYST_BUD"
      },
      {
        "value": "Blocks.PALE_MOSS_CARPET"
      },
      {
        "value": "Blocks.OXIDIZED_CUT_COPPER_SLAB"
      },
      {
        "value": "Blocks.SMOOTH_QUARTZ_SLAB"
      },
      {
        "value": "Blocks.MOSSY_COBBLESTONE_SLAB"
      },
      {
        "value": "Blocks.MOSS_CARPET"
      },
      {
        "value": "Blocks.SAPLING#4"
      }
    ],
    "recipeReturnStack": {
      "value": "CUSTOM:OneDollarBill"
    },
    "name": "one_dollar_recipe",
    "namespace": "mod"
  }
}