{
  "_fv": 79,
  "_type": "recipe",
  "definition": {
    "recipeType": "Crafting",
    "recipeRetstackSize": 1,
    "group": "",
    "unlockingItems": [],
    "cookingBookCategory": "MISC",
    "xpReward": 0.0,
    "cookingTime": 200,
    "craftingBookCategory": "MISC",
    "recipeShapeless": false,
    "recipeSlots": [
      {
        "value": "Blocks.PLANKS#4"
      },
      {
        "value": "Blocks.BAMBOO_BLOCK"
      },
      {
        "value": "Blocks.REDSTONE_BLOCK"
      },
      {
        "value": "Blocks.SAPLING#5"
      },
      {
        "value": "Blocks.POINTED_DRIPSTONE"
      },
      {
        "value": "Blocks.COBBLESTONE"
      },
      {
        "value": "Blocks.GRASS"
      },
      {
        "value": "Blocks.PALE_HANGING_MOSS"
      },
      {
        "value": "Blocks.TUFF_BRICK_STAIRS"
      }
    ],
    "recipeReturnStack": {
      "value": "CUSTOM:TenDollarBill"
    },
    "name": "ten_dollar_recipe",
    "namespace": "mod"
  }
}