{
  "_fv": 79,
  "_type": "recipe",
  "definition": {
    "recipeType": "Crafting",
    "recipeRetstackSize": 1,
    "group": "",
    "unlockingItems": [
      {
        "value": "Items.GOLDEN_SWORD"
      },
      {
        "value": "CUSTOM:WaterBlock"
      },
      {
        "value": "Blocks.NETHER_GOLD_ORE"
      },
      {
        "value": "Items.PHANTOM_SPAWN_EGG"
      },
      {
        "value": "Blocks.BLUE_BED"
      },
      {
        "value": "Blocks.DARK_OAK_SIGN"
      }
    ],
    "cookingBookCategory": "MISC",
    "xpReward": 0.0,
    "cookingTime": 200,
    "craftingBookCategory": "MISC",
    "recipeShapeless": false,
    "recipeSlots": [
      {
        "value": "Blocks.NETHER_GOLD_ORE"
      },
      {
        "value": "Items.PHANTOM_SPAWN_EGG"
      },
      {
        "value": "Items.SPRUCE_DOOR"
      },
      {
        "value": "CUSTOM:WaterBlock"
      },
      {
        "value": "Blocks.DARK_OAK_SIGN"
      },
      {
        "value": "Blocks.AMETHYST_CLUSTER"
      },
      {
        "value": "Items.GOLDEN_SWORD"
      },
      {
        "value": "Blocks.BLUE_BED"
      },
      {
        "value": "CUSTOM:Tntblock"
      }
    ],
    "recipeReturnStack": {
      "value": "CUSTOM:OneHundredDollarBill"
    },
    "name": "thousand_dollar_recipe",
    "namespace": "mod"
  }
}